Email_ID,Subject,From_Email,From_Name,Received_Date,Category,Invoice_Number,Amount,Vendor,Due_Date,OneDrive_Link,Xero_Link,Processing_Status,Processed_At
AAMkADQyZmU2Mjk0LTU2YjktNDdhMS05YzE3LWJlNjNkZGQ0MWVhZgBGAAAAAAAckzNzsX2FRYp2SXd_PzQPBwAAVfusFxFLSIhkFoo9H3MfAAAAAAEMAAAAVfusFxFLSIhkFoo9H3MfAAAMmsKYAAA=,Invoice INV-1264 from Align.Build Pty Ltd for Marconi Court Pty Ltd,,,2025-09-04T00:00:00.000Z,standard_pdf,INV-1264,1012.0,Align.Build Pty Ltd,2025-09-11T00:00:00.000Z,https://rudraprojects-my.sharepoint.com/personal/satyagala_rudraprojects_onmicrosoft_com/Documents/Invoice_Attachments/2025-09-06/Invoice%20INV-1264.pdf,,Processed,2025-09-04T00:00:00.000Z
AAMkADQyZmU2Mjk0LTU2YjktNDdhMS05YzE3LWJlNjNkZGQ0MWVhZgBGAAAAAAAckzNzsX2FRYp2SXd_PzQPBwAAVfusFxFLSIhkFoo9H3MfAAAAAAEMAAAAVfusFxFLSIhkFoo9H3MfAAAMmsKZAAA=,Invoice INV-1265 from Align.Build Pty Ltd for GAK Ballarat Pty Ltd,,,2025-09-04T00:00:00.000Z,standard_pdf,INV-1265,327.25,GAK Ballarat Pty Ltd,2025-09-11T00:00:00.000Z,https://rudraprojects-my.sharepoint.com/personal/satyagala_rudraprojects_onmicrosoft_com/Documents/Invoice_Attachments/2025-09-06/Invoice%20INV-1265.pdf,,Processed,2025-09-04T00:00:00.000Z
AAMkADQyZmU2Mjk0LTU2YjktNDdhMS05YzE3LWJlNjNkZGQ0MWVhZgBGAAAAAAAckzNzsX2FRYp2SXd_PzQPBwAAVfusFxFLSIhkFoo9H3MfAAAAAAEMAAAAVfusFxFLSIhkFoo9H3MfAAAB9QClAAA=,August Invoice INV-0339 from Taxcellent Business Advisors Pty Ltd for Rudra Projects & Developments Pty Ltd,,,2025-08-15T00:00:00.000Z,standard_pdf,INV-0339,2200.0,Taxcellent Business Advisors Pty Ltd,2025-08-22T00:00:00.000Z,https://rudraprojects-my.sharepoint.com/personal/satyagala_rudraprojects_onmicrosoft_com/Documents/Invoice_Attachments/2025-09-06/Invoice%20INV-0339.pdf,,Processed,2025-08-15T00:00:00.000Z
AAMkADQyZmU2Mjk0LTU2YjktNDdhMS05YzE3LWJlNjNkZGQ0MWVhZgBGAAAAAAAckzNzsX2FRYp2SXd_PzQPBwAAVfusFxFLSIhkFoo9H3MfAAAAAAEMAAAAVfusFxFLSIhkFoo9H3MfAAAMmsJpAAA=,Bill INV-1242 from Align.Build Pty Ltd is due,,,2025-08-05T00:00:00.000Z,standard_pdf,INV-1242,6248.0,Align.Build Pty Ltd,2025-08-12T00:00:00.000Z,https://rudraprojects-my.sharepoint.com/personal/satyagala_rudraprojects_onmicrosoft_com/Documents/Invoice_Attachments/2025-09-06/Invoice%20INV-1242.pdf,,Processed,2025-08-05T00:00:00.000Z
AAMkADQyZmU2Mjk0LTU2YjktNDdhMS05YzE3LWJlNjNkZGQ0MWVhZgBGAAAAAAAckzNzsX2FRYp2SXd_PzQPBwAAVfusFxFLSIhkFoo9H3MfAAAAAAEMAAAAVfusFxFLSIhkFoo9H3MfAAAMmsJfAAA=,Bill INV-1239 from Align.Build Pty Ltd is due,,,2025-08-04T00:00:00.000Z,standard_pdf,INV-1239,280.5,Align.Build Pty Ltd,2025-08-11T00:00:00.000Z,https://rudraprojects-my.sharepoint.com/personal/satyagala_rudraprojects_onmicrosoft_com/Documents/Invoice_Attachments/2025-09-06/Invoice%20INV-1239.pdf,,Processed,2025-08-04T00:00:00.000Z
AAMkADQyZmU2Mjk0LTU2YjktNDdhMS05YzE3LWJlNjNkZGQ0MWVhZgBGAAAAAAAckzNzsX2FRYp2SXd_PzQPBwAAVfusFxFLSIhkFoo9H3MfAAAAAAEMAAAAVfusFxFLSIhkFoo9H3MfAAAB9QM4AAA=,Invoice INV-0315 from Taxcellent Business Advisors Pty Ltd for GAK Ballarat Property Trust,,,2025-07-28T00:00:00.000Z,standard_pdf,INV-0315,990.0,Taxcellent Business Advisors Pty Ltd,2025-08-04T00:00:00.000Z,https://rudraprojects-my.sharepoint.com/personal/satyagala_rudraprojects_onmicrosoft_com/Documents/Invoice_Attachments/2025-09-06/Invoice%20INV-0315.pdf,,Processed,2025-07-28T00:00:00.000Z
AAMkADQyZmU2Mjk0LTU2YjktNDdhMS05YzE3LWJlNjNkZGQ0MWVhZgBGAAAAAAAckzNzsX2FRYp2SXd_PzQPBwAAVfusFxFLSIhkFoo9H3MfAAAAAAEMAAAAVfusFxFLSIhkFoo9H3MfAAAB9lMLAAA=,Invoice INV-0307 from Taxcellent Business Advisors Pty Ltd for Marconi Court Trust,,,2025-07-23T00:00:00.000Z,standard_pdf,INV-0307,330.0,Taxcellent Business Advisors Pty Ltd,2025-07-30T00:00:00.000Z,https://rudraprojects-my.sharepoint.com/personal/satyagala_rudraprojects_onmicrosoft_com/Documents/Invoice_Attachments/2025-09-06/Invoice%20INV-0307.pdf,,Processed,2025-07-23T00:00:00.000Z
AAMkADQyZmU2Mjk0LTU2YjktNDdhMS05YzE3LWJlNjNkZGQ0MWVhZgBGAAAAAAAckzNzsX2FRYp2SXd_PzQPBwAAVfusFxFLSIhkFoo9H3MfAAAAAAEMAAAAVfusFxFLSIhkFoo9H3MfAAAB9lN7AAA=,Invoice INV-0305 from Taxcellent Business Advisors Pty Ltd for 102 Jubilee Highway Trust,,,2025-07-21T00:00:00.000Z,standard_pdf,INV-0305,2915.0,Taxcellent Business Advisors Pty Ltd,2025-07-28T00:00:00.000Z,https://rudraprojects-my.sharepoint.com/personal/satyagala_rudraprojects_onmicrosoft_com/Documents/Invoice_Attachments/2025-09-06/Invoice%20INV-0305.pdf,,Processed,2025-07-21T00:00:00.000Z
AAMkADQyZmU2Mjk0LTU2YjktNDdhMS05YzE3LWJlNjNkZGQ0MWVhZgBGAAAAAAAckzNzsX2FRYp2SXd_PzQPBwAAVfusFxFLSIhkFoo9H3MfAAAAAAEMAAAAVfusFxFLSIhkFoo9H3MfAAAB9lRcAAA=,July Invoice INV-0289 from Taxcellent Business Advisors Pty Ltd for Rudra Projects & Developments Pty Ltd,,,2025-07-15T00:00:00.000Z,standard_pdf,INV-0289,2200.0,Taxcellent Business Advisors Pty Ltd,2025-07-22T00:00:00.000Z,https://rudraprojects-my.sharepoint.com/personal/satyagala_rudraprojects_onmicrosoft_com/Documents/Invoice_Attachments/2025-09-06/Invoice%20INV-0289.pdf,,Processed,2025-07-15T00:00:00.000Z
AAMkADQyZmU2Mjk0LTU2YjktNDdhMS05YzE3LWJlNjNkZGQ0MWVhZgBGAAAAAAAckzNzsX2FRYp2SXd_PzQPBwAAVfusFxFLSIhkFoo9H3MfAAAAAAEMAAAAVfusFxFLSIhkFoo9H3MfAAAB9lQ2AAA=,Invoice INV-0296 from Taxcellent Business Advisors Pty Ltd for Rudra Projects & Developments Pty Ltd,,,2025-07-15T00:00:00.000Z,standard_pdf,INV-0296,1001.0,Taxcellent Business Advisors Pty Ltd,2025-07-22T00:00:00.000Z,https://rudraprojects-my.sharepoint.com/personal/satyagala_rudraprojects_onmicrosoft_com/Documents/Invoice_Attachments/2025-09-06/Invoice%20INV-0296.pdf,,Processed,2025-07-15T00:00:00.000Z
AAMkADQyZmU2Mjk0LTU2YjktNDdhMS05YzE3LWJlNjNkZGQ0MWVhZgBGAAAAAAAckzNzsX2FRYp2SXd_PzQPBwAAVfusFxFLSIhkFoo9H3MfAAAAAAEMAAAAVfusFxFLSIhkFoo9H3MfAAAB9lNsAAA=,Invoice INV-0288 from Taxcellent Business Advisors Pty Ltd for Gambier Living Estate No 3 Unit Trust,,,2025-07-12T00:00:00.000Z,standard_pdf,INV-0288,781.0,Taxcellent Business Advisors Pty Ltd,2025-07-19T00:00:00.000Z,https://rudraprojects-my.sharepoint.com/personal/satyagala_rudraprojects_onmicrosoft_com/Documents/Invoice_Attachments/2025-09-06/Invoice%20INV-0288.pdf,,Processed,2025-07-12T00:00:00.000Z
AAMkADQyZmU2Mjk0LTU2YjktNDdhMS05YzE3LWJlNjNkZGQ0MWVhZgBGAAAAAAAckzNzsX2FRYp2SXd_PzQPBwAAVfusFxFLSIhkFoo9H3MfAAAAAAEMAAAAVfusFxFLSIhkFoo9H3MfAAAB9QBqAAA=,Bill INV-1223 from Align.Build Pty Ltd is due,,,2025-07-10T00:00:00.000Z,standard_pdf,INV-1223,654.5,Align.Build Pty Ltd,2025-07-17T00:00:00.000Z,https://rudraprojects-my.sharepoint.com/personal/satyagala_rudraprojects_onmicrosoft_com/Documents/Invoice_Attachments/2025-09-06/Invoice%20INV-1223.pdf,,Processed,2025-07-10T00:00:00.000Z
AAMkADQyZmU2Mjk0LTU2YjktNDdhMS05YzE3LWJlNjNkZGQ0MWVhZgBGAAAAAAAckzNzsX2FRYp2SXd_PzQPBwAAVfusFxFLSIhkFoo9H3MfAAAAAAEMAAAAVfusFxFLSIhkFoo9H3MfAAAB9QBrAAA=,Bill INV-1220 from Align.Build Pty Ltd is due,,,2025-07-10T00:00:00.000Z,standard_pdf,INV-1220,3168.0,Align.Build Pty Ltd,2025-07-17T00:00:00.000Z,https://rudraprojects-my.sharepoint.com/personal/satyagala_rudraprojects_onmicrosoft_com/Documents/Invoice_Attachments/2025-09-06/Invoice%20INV-1220.pdf,,Processed,2025-07-10T00:00:00.000Z
AAMkADQyZmU2Mjk0LTU2YjktNDdhMS05YzE3LWJlNjNkZGQ0MWVhZgBGAAAAAAAckzNzsX2FRYp2SXd_PzQPBwAAVfusFxFLSIhkFoo9H3MfAAAAAAEMAAAAVfusFxFLSIhkFoo9H3MfAAAB9lT3AAA=,Invoice INV-1217 from Align.Build Pty Ltd for Rudra projects,,,2025-07-09T00:00:00.000Z,standard_pdf,INV-1217,374.0,Align.Build Pty Ltd,2025-07-16T00:00:00.000Z,https://rudraprojects-my.sharepoint.com/personal/satyagala_rudraprojects_onmicrosoft_com/Documents/Invoice_Attachments/2025-09-06/Invoice%20INV-1217.pdf,,Processed,2025-07-09T00:00:00.000Z
AAMkADQyZmU2Mjk0LTU2YjktNDdhMS05YzE3LWJlNjNkZGQ0MWVhZgBGAAAAAAAckzNzsX2FRYp2SXd_PzQPBwAAVfusFxFLSIhkFoo9H3MfAAAAAAEMAAAAVfusFxFLSIhkFoo9H3MfAAAB9QM_AAA=,Bill INV-1217 from Align.Build Pty Ltd is due,invoicereminders@post.xero.com,invoicereminders@post.xero.com,2025-07-09T00:00:00.000Z,xero_with_pdf,INV-1217,374.0,Align.Build Pty Ltd,2025-07-16T00:00:00.000Z,https://rudraprojects-my.sharepoint.com/personal/satyagala_rudraprojects_onmicrosoft_com/Documents/Invoice_Attachments/2025-09-06/Invoice%20INV-1217.pdf,https://go.xero.com/invoice/INV-1217,Processed,2025-07-09T00:00:00.000Z
AAMkADQyZmU2Mjk0LTU2YjktNDdhMS05YzE3LWJlNjNkZGQ0MWVhZgBGAAAAAAAckzNzsX2FRYp2SXd_PzQPBwAAVfusFxFLSIhkFoo9H3MfAAAAAAEMAAAAVfusFxFLSIhkFoo9H3MfAAAB9QHRAAA=,Invoice INV-1207 from Align.Build Pty Ltd for Luck Street Trust,,,2025-06-16T00:00:00.000Z,standard_pdf,INV-1207,363.0,Align.Build Pty Ltd,2025-06-23T00:00:00.000Z,https://rudraprojects-my.sharepoint.com/personal/satyagala_rudraprojects_onmicrosoft_com/Documents/Invoice_Attachments/2025-09-06/Invoice%20INV-1207.pdf,,Processed,2025-06-16T00:00:00.000Z
AAMkADQyZmU2Mjk0LTU2YjktNDdhMS05YzE3LWJlNjNkZGQ0MWVhZgBGAAAAAAAckzNzsX2FRYp2SXd_PzQPBwAAVfusFxFLSIhkFoo9H3MfAAAAAAEMAAAAVfusFxFLSIhkFoo9H3MfAAAB9v4DAAA=,Invoice INV-1205 from Align.Build Pty Ltd for Marconi Court Pty Ltd,,,2025-06-16T00:00:00.000Z,standard_pdf,INV-1205,352.0,Align.Build Pty Ltd,2025-06-23T00:00:00.000Z,https://rudraprojects-my.sharepoint.com/personal/satyagala_rudraprojects_onmicrosoft_com/Documents/Invoice_Attachments/2025-09-06/Invoice%20INV-1205.pdf,,Processed,2025-06-16T00:00:00.000Z
AAMkADQyZmU2Mjk0LTU2YjktNDdhMS05YzE3LWJlNjNkZGQ0MWVhZgBGAAAAAAAckzNzsX2FRYp2SXd_PzQPBwAAVfusFxFLSIhkFoo9H3MfAAAAAAEMAAAAVfusFxFLSIhkFoo9H3MfAAAB9v4yAAA=,June Invoice INV-0279 from Taxcellent Business Advisors Pty Ltd for Rudra Projects & Developments Pty Ltd,,,2025-06-15T00:00:00.000Z,standard_pdf,INV-0279,2200.0,Taxcellent Business Advisors Pty Ltd,2025-06-22T00:00:00.000Z,https://rudraprojects-my.sharepoint.com/personal/satyagala_rudraprojects_onmicrosoft_com/Documents/Invoice_Attachments/2025-09-06/Invoice%20INV-0279.pdf,,Processed,2025-06-15T00:00:00.000Z
AAMkADQyZmU2Mjk0LTU2YjktNDdhMS05YzE3LWJlNjNkZGQ0MWVhZgBGAAAAAAAckzNzsX2FRYp2SXd_PzQPBwAAVfusFxFLSIhkFoo9H3MfAAAAAAEMAAAAVfusFxFLSIhkFoo9H3MfAAAB9vwcAAA=,Invoice INV-0213 from NK Business Services Pty Ltd for RPD Pty Ltd & LandX Pty Ltd,,,2025-06-11T00:00:00.000Z,standard_pdf,INV-0213,812.0,NK Business Services Pty Ltd,2025-06-20T00:00:00.000Z,https://rudraprojects-my.sharepoint.com/personal/satyagala_rudraprojects_onmicrosoft_com/Documents/Invoice_Attachments/2025-09-06/Invoice%20INV-0213.pdf,,Processed,2025-06-11T00:00:00.000Z
AAMkADQyZmU2Mjk0LTU2YjktNDdhMS05YzE3LWJlNjNkZGQ0MWVhZgBGAAAAAAAckzNzsX2FRYp2SXd_PzQPBwAAVfusFxFLSIhkFoo9H3MfAAAAAAEMAAAAVfusFxFLSIhkFoo9H3MfAAAB9lTDAAA=,Bill INV-0213 from NK Business Services Pty Ltd is due,invoicereminders@post.xero.com,invoicereminders@post.xero.com,2025-06-11T00:00:00.000Z,xero_with_pdf,INV-0213,812.0,NK Business Services Pty Ltd,2025-06-20T00:00:00.000Z,https://rudraprojects-my.sharepoint.com/personal/satyagala_rudraprojects_onmicrosoft_com/Documents/Invoice_Attachments/2025-09-06/Invoice%20INV-0213.pdf,https://go.xero.com/invoice/INV-0213,Processed,2025-06-11T00:00:00.000Z
AAMkADQyZmU2Mjk0LTU2YjktNDdhMS05YzE3LWJlNjNkZGQ0MWVhZgBGAAAAAAAckzNzsX2FRYp2SXd_PzQPBwAAVfusFxFLSIhkFoo9H3MfAAAAAAEMAAAAVfusFxFLSIhkFoo9H3MfAAAB9v8OAAA=,Invoice WB-01051 from Davies Construction (TAS) Pty Ltd for Marconi Court Pty Ltd,,,2025-06-05T00:00:00.000Z,standard_pdf,WB-01051,208575.92,Marconi Court Pty Ltd,2025-06-12T00:00:00.000Z,https://rudraprojects-my.sharepoint.com/personal/satyagala_rudraprojects_onmicrosoft_com/Documents/Invoice_Attachments/2025-09-06/Invoice%20WB-01051.pdf,,Processed,2025-06-05T00:00:00.000Z
AAMkADQyZmU2Mjk0LTU2YjktNDdhMS05YzE3LWJlNjNkZGQ0MWVhZgBGAAAAAAAckzNzsX2FRYp2SXd_PzQPBwAAVfusFxFLSIhkFoo9H3MfAAAAAAEMAAAAVfusFxFLSIhkFoo9H3MfAAAB9QHQAAA=,Invoice INV-1194 from Align.Build Pty Ltd for Marconi Court Pty Ltd,,,2025-05-27T00:00:00.000Z,standard_pdf,INV-1194,352.0,Align.Build Pty Ltd,2025-06-03T00:00:00.000Z,https://rudraprojects-my.sharepoint.com/personal/satyagala_rudraprojects_onmicrosoft_com/Documents/Invoice_Attachments/2025-09-06/Invoice%20INV-1194.pdf,,Processed,2025-05-27T00:00:00.000Z
AAMkADQyZmU2Mjk0LTU2YjktNDdhMS05YzE3LWJlNjNkZGQ0MWVhZgBGAAAAAAAckzNzsX2FRYp2SXd_PzQPBwAAVfusFxFLSIhkFoo9H3MfAAAAAAEMAAAAVfusFxFLSIhkFoo9H3MfAAAB9v83AAA=,Invoice INV-1190 from Align.Build Pty Ltd for GAK Ballarat Pty Ltd,,,2025-05-27T00:00:00.000Z,standard_pdf,INV-1190,1122.0,GAK Ballarat Pty Ltd,2025-06-03T00:00:00.000Z,https://rudraprojects-my.sharepoint.com/personal/satyagala_rudraprojects_onmicrosoft_com/Documents/Invoice_Attachments/2025-09-06/Invoice%20INV-1190.pdf,,Processed,2025-05-27T00:00:00.000Z
AAMkADQyZmU2Mjk0LTU2YjktNDdhMS05YzE3LWJlNjNkZGQ0MWVhZgBGAAAAAAAckzNzsX2FRYp2SXd_PzQPBwAAVfusFxFLSIhkFoo9H3MfAAAAAAEMAAAAVfusFxFLSIhkFoo9H3MfAAAB9v9CAAA=,Invoice INV-1192 from Align.Build Pty Ltd for Luck Street Trust,,,2025-05-27T00:00:00.000Z,standard_pdf,INV-1192,408.38,Align.Build Pty Ltd,2025-06-03T00:00:00.000Z,https://rudraprojects-my.sharepoint.com/personal/satyagala_rudraprojects_onmicrosoft_com/Documents/Invoice_Attachments/2025-09-06/Invoice%20INV-1192.pdf,,Processed,2025-05-27T00:00:00.000Z
AAMkADQyZmU2Mjk0LTU2YjktNDdhMS05YzE3LWJlNjNkZGQ0MWVhZgBGAAAAAAAckzNzsX2FRYp2SXd_PzQPBwAAVfusFxFLSIhkFoo9H3MfAAAAAAEMAAAAVfusFxFLSIhkFoo9H3MfAAAB9v84AAA=,Invoice INV-1196 from Align.Build Pty Ltd for Rudra projects,,,2025-05-27T00:00:00.000Z,standard_pdf,INV-1196,187.0,Align.Build Pty Ltd,2025-06-03T00:00:00.000Z,https://rudraprojects-my.sharepoint.com/personal/satyagala_rudraprojects_onmicrosoft_com/Documents/Invoice_Attachments/2025-09-06/Invoice%20INV-1196.pdf,,Processed,2025-05-27T00:00:00.000Z
AAMkADQyZmU2Mjk0LTU2YjktNDdhMS05YzE3LWJlNjNkZGQ0MWVhZgBGAAAAAAAckzNzsX2FRYp2SXd_PzQPBwAAVfusFxFLSIhkFoo9H3MfAAAAAAEMAAAAVfusFxFLSIhkFoo9H3MfAAAB9v2iAAA=,Bill INV-1190 from Align.Build Pty Ltd is due,invoicereminders@post.xero.com,invoicereminders@post.xero.com,2025-05-27T00:00:00.000Z,xero_with_pdf,INV-1190,1122.0,GAK Ballarat Pty Ltd,2025-06-03T00:00:00.000Z,https://rudraprojects-my.sharepoint.com/personal/satyagala_rudraprojects_onmicrosoft_com/Documents/Invoice_Attachments/2025-09-06/Invoice%20INV-1190.pdf,https://go.xero.com/invoice/INV-1190,Processed,2025-05-27T00:00:00.000Z
AAMkADQyZmU2Mjk0LTU2YjktNDdhMS05YzE3LWJlNjNkZGQ0MWVhZgBGAAAAAAAckzNzsX2FRYp2SXd_PzQPBwAAVfusFxFLSIhkFoo9H3MfAAAAAAEMAAAAVfusFxFLSIhkFoo9H3MfAAAB9v2kAAA=,Bill INV-1192 from Align.Build Pty Ltd is due,invoicereminders@post.xero.com,invoicereminders@post.xero.com,2025-05-27T00:00:00.000Z,xero_with_pdf,INV-1192,408.38,Align.Build Pty Ltd,2025-06-03T00:00:00.000Z,https://rudraprojects-my.sharepoint.com/personal/satyagala_rudraprojects_onmicrosoft_com/Documents/Invoice_Attachments/2025-09-06/Invoice%20INV-1192.pdf,https://go.xero.com/invoice/INV-1192,Processed,2025-05-27T00:00:00.000Z
AAMkADQyZmU2Mjk0LTU2YjktNDdhMS05YzE3LWJlNjNkZGQ0MWVhZgBGAAAAAAAckzNzsX2FRYp2SXd_PzQPBwAAVfusFxFLSIhkFoo9H3MfAAAAAAEMAAAAVfusFxFLSIhkFoo9H3MfAAAB9v2jAAA=,Bill INV-1196 from Align.Build Pty Ltd is due,invoicereminders@post.xero.com,invoicereminders@post.xero.com,2025-05-27T00:00:00.000Z,xero_with_pdf,INV-1196,187.0,Align.Build Pty Ltd,2025-06-03T00:00:00.000Z,https://rudraprojects-my.sharepoint.com/personal/satyagala_rudraprojects_onmicrosoft_com/Documents/Invoice_Attachments/2025-09-06/Invoice%20INV-1196.pdf,https://go.xero.com/invoice/INV-1196,Processed,2025-05-27T00:00:00.000Z
AAMkADQyZmU2Mjk0LTU2YjktNDdhMS05YzE3LWJlNjNkZGQ0MWVhZgBGAAAAAAAckzNzsX2FRYp2SXd_PzQPBwAAVfusFxFLSIhkFoo9H3MfAAAAAAEMAAAAVfusFxFLSIhkFoo9H3MfAAAB9QM2AAA=,Invoice INV-0252 from Taxcellent Business Advisors Pty Ltd for Procure Now Pty Ltd,,,2025-05-23T00:00:00.000Z,standard_pdf,INV-0252,1760.0,Taxcellent Business Advisors Pty Ltd,2025-05-30T00:00:00.000Z,https://rudraprojects-my.sharepoint.com/personal/satyagala_rudraprojects_onmicrosoft_com/Documents/Invoice_Attachments/2025-09-06/Invoice%20INV-0252.pdf,,Processed,2025-05-23T00:00:00.000Z
AAMkADQyZmU2Mjk0LTU2YjktNDdhMS05YzE3LWJlNjNkZGQ0MWVhZgBGAAAAAAAckzNzsX2FRYp2SXd_PzQPBwAAVfusFxFLSIhkFoo9H3MfAAAAAAEMAAAAVfusFxFLSIhkFoo9H3MfAAAB9QNgAAA=,Invoice INV-10783 from Blue Sky Beverages Pty Ltd for Rudra Projects & Development,,,2025-05-21T00:00:00.000Z,standard_pdf,INV-10783,1191.6,BLUE SKY BEVERAGES PTY LTD,2025-05-28T00:00:00.000Z,https://rudraprojects-my.sharepoint.com/personal/satyagala_rudraprojects_onmicrosoft_com/Documents/Invoice_Attachments/2025-09-06/Invoice%20INV-10783.pdf,,Processed,2025-05-21T00:00:00.000Z
AAMkADQyZmU2Mjk0LTU2YjktNDdhMS05YzE3LWJlNjNkZGQ0MWVhZgBGAAAAAAAckzNzsX2FRYp2SXd_PzQPBwAAVfusFxFLSIhkFoo9H3MfAAAAAAEMAAAAVfusFxFLSIhkFoo9H3MfAAAB93gkAAA=,May Invoice INV-0247 from Taxcellent Business Advisors Pty Ltd for Rudra Projects & Developments Pty Ltd,,,2025-05-15T00:00:00.000Z,standard_pdf,INV-0247,2200.0,Taxcellent Business Advisors Pty Ltd,2025-05-22T00:00:00.000Z,https://rudraprojects-my.sharepoint.com/personal/satyagala_rudraprojects_onmicrosoft_com/Documents/Invoice_Attachments/2025-09-06/Invoice%20INV-0247.pdf,,Processed,2025-05-15T00:00:00.000Z
AAMkADQyZmU2Mjk0LTU2YjktNDdhMS05YzE3LWJlNjNkZGQ0MWVhZgBGAAAAAAAckzNzsX2FRYp2SXd_PzQPBwAAVfusFxFLSIhkFoo9H3MfAAAAAAEMAAAAVfusFxFLSIhkFoo9H3MfAAAB9v86AAA=,Invoice INV-1172 from Align.Build Pty Ltd for GAK Ballarat Pty Ltd,,,2025-05-13T00:00:00.000Z,standard_pdf,INV-1172,3927.0,Align.Build Pty Ltd,2025-05-20T00:00:00.000Z,https://rudraprojects-my.sharepoint.com/personal/satyagala_rudraprojects_onmicrosoft_com/Documents/Invoice_Attachments/2025-09-06/Invoice%20INV-1172.pdf,,Processed,2025-05-13T00:00:00.000Z
AAMkADQyZmU2Mjk0LTU2YjktNDdhMS05YzE3LWJlNjNkZGQ0MWVhZgBGAAAAAAAckzNzsX2FRYp2SXd_PzQPBwAAVfusFxFLSIhkFoo9H3MfAAAAAAEMAAAAVfusFxFLSIhkFoo9H3MfAAAB9v85AAA=,Invoice INV-1176 from Align.Build Pty Ltd for Marconi Court Pty Ltd,,,2025-05-13T00:00:00.000Z,standard_pdf,INV-1176,704.0,Align.Build Pty Ltd,2025-05-20T00:00:00.000Z,https://rudraprojects-my.sharepoint.com/personal/satyagala_rudraprojects_onmicrosoft_com/Documents/Invoice_Attachments/2025-09-06/Invoice%20INV-1176.pdf,,Processed,2025-05-13T00:00:00.000Z
AAMkADQyZmU2Mjk0LTU2YjktNDdhMS05YzE3LWJlNjNkZGQ0MWVhZgBGAAAAAAAckzNzsX2FRYp2SXd_PzQPBwAAVfusFxFLSIhkFoo9H3MfAAAAAAEMAAAAVfusFxFLSIhkFoo9H3MfAAAB9v9BAAA=,Invoice INV-1184 from Align.Build Pty Ltd for Rudra projects,,,2025-05-13T00:00:00.000Z,standard_pdf,INV-1184,561.0,Align.Build Pty Ltd,2025-05-20T00:00:00.000Z,https://rudraprojects-my.sharepoint.com/personal/satyagala_rudraprojects_onmicrosoft_com/Documents/Invoice_Attachments/2025-09-06/Invoice%20INV-1184.pdf,,Processed,2025-05-13T00:00:00.000Z
AAMkADQyZmU2Mjk0LTU2YjktNDdhMS05YzE3LWJlNjNkZGQ0MWVhZgBGAAAAAAAckzNzsX2FRYp2SXd_PzQPBwAAVfusFxFLSIhkFoo9H3MfAAAAAAEMAAAAVfusFxFLSIhkFoo9H3MfAAAB9v8bAAA=,Bill INV-1172 from Align.Build Pty Ltd is due,invoicereminders@post.xero.com,invoicereminders@post.xero.com,2025-05-13T00:00:00.000Z,xero_with_pdf,INV-1172,3927.0,Align.Build Pty Ltd,2025-05-20T00:00:00.000Z,https://rudraprojects-my.sharepoint.com/personal/satyagala_rudraprojects_onmicrosoft_com/Documents/Invoice_Attachments/2025-09-06/Invoice%20INV-1172.pdf,https://go.xero.com/invoice/INV-1172,Processed,2025-05-13T00:00:00.000Z
AAMkADQyZmU2Mjk0LTU2YjktNDdhMS05YzE3LWJlNjNkZGQ0MWVhZgBGAAAAAAAckzNzsX2FRYp2SXd_PzQPBwAAVfusFxFLSIhkFoo9H3MfAAAAAAEMAAAAVfusFxFLSIhkFoo9H3MfAAAB9v8ZAAA=,Bill INV-1176 from Align.Build Pty Ltd is due,invoicereminders@post.xero.com,invoicereminders@post.xero.com,2025-05-13T00:00:00.000Z,xero_with_pdf,INV-1176,704.0,Align.Build Pty Ltd,2025-05-20T00:00:00.000Z,https://rudraprojects-my.sharepoint.com/personal/satyagala_rudraprojects_onmicrosoft_com/Documents/Invoice_Attachments/2025-09-06/Invoice%20INV-1176.pdf,https://go.xero.com/invoice/INV-1176,Processed,2025-05-13T00:00:00.000Z
AAMkADQyZmU2Mjk0LTU2YjktNDdhMS05YzE3LWJlNjNkZGQ0MWVhZgBGAAAAAAAckzNzsX2FRYp2SXd_PzQPBwAAVfusFxFLSIhkFoo9H3MfAAAAAAEMAAAAVfusFxFLSIhkFoo9H3MfAAAB9v8aAAA=,Bill INV-1184 from Align.Build Pty Ltd is due,invoicereminders@post.xero.com,invoicereminders@post.xero.com,2025-05-13T00:00:00.000Z,xero_with_pdf,INV-1184,561.0,Align.Build Pty Ltd,2025-05-20T00:00:00.000Z,https://rudraprojects-my.sharepoint.com/personal/satyagala_rudraprojects_onmicrosoft_com/Documents/Invoice_Attachments/2025-09-06/Invoice%20INV-1184.pdf,https://go.xero.com/invoice/INV-1184,Processed,2025-05-13T00:00:00.000Z
AAMkADQyZmU2Mjk0LTU2YjktNDdhMS05YzE3LWJlNjNkZGQ0MWVhZgBGAAAAAAAckzNzsX2FRYp2SXd_PzQPBwAAVfusFxFLSIhkFoo9H3MfAAAAAAEMAAAAVfusFxFLSIhkFoo9H3MfAAAB93oQAAA=,Invoice INV-1157 from Align.Build Pty Ltd for Luck Street Trust,,,2025-04-29T00:00:00.000Z,standard_pdf,INV-1157,363.0,Align.Build Pty Ltd,2025-05-06T00:00:00.000Z,https://rudraprojects-my.sharepoint.com/personal/satyagala_rudraprojects_onmicrosoft_com/Documents/Invoice_Attachments/2025-09-06/Invoice%20INV-1157.pdf,,Processed,2025-04-29T00:00:00.000Z
AAMkADQyZmU2Mjk0LTU2YjktNDdhMS05YzE3LWJlNjNkZGQ0MWVhZgBGAAAAAAAckzNzsX2FRYp2SXd_PzQPBwAAVfusFxFLSIhkFoo9H3MfAAAAAAEMAAAAVfusFxFLSIhkFoo9H3MfAAAB93mAAAA=,Bill INV-1157 from Align.Build Pty Ltd is due soon,invoicereminders@post.xero.com,invoicereminders@post.xero.com,2025-04-29T00:00:00.000Z,xero_with_pdf,INV-1157,363.0,Align.Build Pty Ltd,2025-05-06T00:00:00.000Z,https://rudraprojects-my.sharepoint.com/personal/satyagala_rudraprojects_onmicrosoft_com/Documents/Invoice_Attachments/2025-09-06/Invoice%20INV-1157.pdf,https://go.xero.com/invoice/INV-1157,Processed,2025-04-29T00:00:00.000Z
AAMkADQyZmU2Mjk0LTU2YjktNDdhMS05YzE3LWJlNjNkZGQ0MWVhZgBGAAAAAAAckzNzsX2FRYp2SXd_PzQPBwAAVfusFxFLSIhkFoo9H3MfAAAAAAEMAAAAVfusFxFLSIhkFoo9H3MfAAAB93n3AAA=,Invoice INV-0212 from Taxcellent Business Advisors Pty Ltd for Rudra Projects & Developments Pty Ltd,,,2025-04-15T00:00:00.000Z,standard_pdf,INV-0212,2200.0,Taxcellent Business Advisors Pty Ltd,2025-04-22T00:00:00.000Z,https://rudraprojects-my.sharepoint.com/personal/satyagala_rudraprojects_onmicrosoft_com/Documents/Invoice_Attachments/2025-09-06/Invoice%20INV-0212.pdf,,Processed,2025-04-15T00:00:00.000Z
AAMkADQyZmU2Mjk0LTU2YjktNDdhMS05YzE3LWJlNjNkZGQ0MWVhZgBGAAAAAAAckzNzsX2FRYp2SXd_PzQPBwAAVfusFxFLSIhkFoo9H3MfAAAAAAEMAAAAVfusFxFLSIhkFoo9H3MfAAAB93sBAAA=,Invoice INV-1144 from Align.Build Pty Ltd for Rudra projects,,,2025-04-15T00:00:00.000Z,standard_pdf,INV-1144,2711.5,Align.Build Pty Ltd,2025-04-22T00:00:00.000Z,https://rudraprojects-my.sharepoint.com/personal/satyagala_rudraprojects_onmicrosoft_com/Documents/Invoice_Attachments/2025-09-06/Invoice%20INV-1144.pdf,,Processed,2025-04-15T00:00:00.000Z
AAMkADQyZmU2Mjk0LTU2YjktNDdhMS05YzE3LWJlNjNkZGQ0MWVhZgBGAAAAAAAckzNzsX2FRYp2SXd_PzQPBwAAVfusFxFLSIhkFoo9H3MfAAAAAAEMAAAAVfusFxFLSIhkFoo9H3MfAAAB94zQAAA=,Invoice INV-0656 from Liberal Party Federal Campaign Fund for Rudra Projects and Developments Pty Ltd,,,2025-04-04T00:00:00.000Z,standard_pdf,INV-0656,1600.0,Liberal Party of Australia (Victorian Division),2025-04-11T00:00:00.000Z,https://rudraprojects-my.sharepoint.com/personal/satyagala_rudraprojects_onmicrosoft_com/Documents/Invoice_Attachments/2025-09-06/Invoice%20INV-0656.pdf,,Processed,2025-04-04T00:00:00.000Z
AAMkADQyZmU2Mjk0LTU2YjktNDdhMS05YzE3LWJlNjNkZGQ0MWVhZgBGAAAAAAAckzNzsX2FRYp2SXd_PzQPBwAAVfusFxFLSIhkFoo9H3MfAAAAAAEMAAAAVfusFxFLSIhkFoo9H3MfAAAB93nEAAA=,Bill INV-0656 from Liberal Party Federal Campaign Fund is due,invoicereminders@post.xero.com,invoicereminders@post.xero.com,2025-04-04T00:00:00.000Z,xero_with_pdf,INV-0656,1600.0,Liberal Party of Australia (Victorian Division),2025-04-11T00:00:00.000Z,https://rudraprojects-my.sharepoint.com/personal/satyagala_rudraprojects_onmicrosoft_com/Documents/Invoice_Attachments/2025-09-06/Invoice%20INV-0656.pdf,https://go.xero.com/invoice/INV-0656,Processed,2025-04-04T00:00:00.000Z
AAMkADQyZmU2Mjk0LTU2YjktNDdhMS05YzE3LWJlNjNkZGQ0MWVhZgBGAAAAAAAckzNzsX2FRYp2SXd_PzQPBwAAVfusFxFLSIhkFoo9H3MfAAAAAAEMAAAAVfusFxFLSIhkFoo9H3MfAAAB93t2AAA=,Invoice WB-01035 from Davies Construction (TAS) Pty Ltd for Marconi Court Pty Ltd,,,2025-04-03T00:00:00.000Z,standard_pdf,WB-01035,128539.8,Marconi Court Pty Ltd,2025-04-10T00:00:00.000Z,https://rudraprojects-my.sharepoint.com/personal/satyagala_rudraprojects_onmicrosoft_com/Documents/Invoice_Attachments/2025-09-06/Invoice%20WB-01035.pdf,,Processed,2025-04-03T00:00:00.000Z
AAMkADQyZmU2Mjk0LTU2YjktNDdhMS05YzE3LWJlNjNkZGQ0MWVhZgBGAAAAAAAckzNzsX2FRYp2SXd_PzQPBwAAVfusFxFLSIhkFoo9H3MfAAAAAAEMAAAAVfusFxFLSIhkFoo9H3MfAAAB941DAAA=,Invoice INV-1117 from Align.Build Pty Ltd for Marconi Court Pty Ltd,,,2025-04-01T00:00:00.000Z,standard_pdf,INV-1117,968.0,Align.Build Pty Ltd,2025-04-08T00:00:00.000Z,https://rudraprojects-my.sharepoint.com/personal/satyagala_rudraprojects_onmicrosoft_com/Documents/Invoice_Attachments/2025-09-06/Invoice%20INV-1117.pdf,,Processed,2025-04-01T00:00:00.000Z
AAMkADQyZmU2Mjk0LTU2YjktNDdhMS05YzE3LWJlNjNkZGQ0MWVhZgBGAAAAAAAckzNzsX2FRYp2SXd_PzQPBwAAVfusFxFLSIhkFoo9H3MfAAAAAAEMAAAAVfusFxFLSIhkFoo9H3MfAAAB941EAAA=,Invoice INV-1113 from Align.Build Pty Ltd for Rudra projects,,,2025-04-01T00:00:00.000Z,standard_pdf,INV-1113,1566.13,Align.Build Pty Ltd,2025-04-08T00:00:00.000Z,https://rudraprojects-my.sharepoint.com/personal/satyagala_rudraprojects_onmicrosoft_com/Documents/Invoice_Attachments/2025-09-06/Invoice%20INV-1113.pdf,,Processed,2025-04-01T00:00:00.000Z
AAMkADQyZmU2Mjk0LTU2YjktNDdhMS05YzE3LWJlNjNkZGQ0MWVhZgBGAAAAAAAckzNzsX2FRYp2SXd_PzQPBwAAVfusFxFLSIhkFoo9H3MfAAAAAAEMAAAAVfusFxFLSIhkFoo9H3MfAAAB93v_AAA=,Bill INV-1117 from Align.Build Pty Ltd is due soon,invoicereminders@post.xero.com,invoicereminders@post.xero.com,2025-04-01T00:00:00.000Z,xero_with_pdf,INV-1117,968.0,Align.Build Pty Ltd,2025-04-08T00:00:00.000Z,https://rudraprojects-my.sharepoint.com/personal/satyagala_rudraprojects_onmicrosoft_com/Documents/Invoice_Attachments/2025-09-06/Invoice%20INV-1117.pdf,https://go.xero.com/invoice/INV-1117,Processed,2025-04-01T00:00:00.000Z
AAMkADQyZmU2Mjk0LTU2YjktNDdhMS05YzE3LWJlNjNkZGQ0MWVhZgBGAAAAAAAckzNzsX2FRYp2SXd_PzQPBwAAVfusFxFLSIhkFoo9H3MfAAAAAAEMAAAAVfusFxFLSIhkFoo9H3MfAAAB93v9AAA=,Bill INV-1113 from Align.Build Pty Ltd is due soon,invoicereminders@post.xero.com,invoicereminders@post.xero.com,2025-04-01T00:00:00.000Z,xero_with_pdf,INV-1113,1566.13,Align.Build Pty Ltd,2025-04-08T00:00:00.000Z,https://rudraprojects-my.sharepoint.com/personal/satyagala_rudraprojects_onmicrosoft_com/Documents/Invoice_Attachments/2025-09-06/Invoice%20INV-1113.pdf,https://go.xero.com/invoice/INV-1113,Processed,2025-04-01T00:00:00.000Z
AAMkADQyZmU2Mjk0LTU2YjktNDdhMS05YzE3LWJlNjNkZGQ0MWVhZgBGAAAAAAAckzNzsX2FRYp2SXd_PzQPBwAAVfusFxFLSIhkFoo9H3MfAAAAAAEMAAAAVfusFxFLSIhkFoo9H3MfAAAB93oMAAA=,Invoice INV-1096 from Align.Build Pty Ltd for Rudra projects,,,2025-03-18T00:00:00.000Z,standard_pdf,INV-1096,1753.13,Align.Build Pty Ltd,2025-03-25T00:00:00.000Z,https://rudraprojects-my.sharepoint.com/personal/satyagala_rudraprojects_onmicrosoft_com/Documents/Invoice_Attachments/2025-09-06/Invoice%20INV-1096.pdf,,Processed,2025-03-18T00:00:00.000Z
AAMkADQyZmU2Mjk0LTU2YjktNDdhMS05YzE3LWJlNjNkZGQ0MWVhZgBGAAAAAAAckzNzsX2FRYp2SXd_PzQPBwAAVfusFxFLSIhkFoo9H3MfAAAAAAEMAAAAVfusFxFLSIhkFoo9H3MfAAAB93tyAAA=,Invoice INV-1098 from Align.Build Pty Ltd for Luck Street Trust,,,2025-03-18T00:00:00.000Z,standard_pdf,INV-1098,408.38,Align.Build Pty Ltd,2025-03-25T00:00:00.000Z,https://rudraprojects-my.sharepoint.com/personal/satyagala_rudraprojects_onmicrosoft_com/Documents/Invoice_Attachments/2025-09-06/Invoice%20INV-1098.pdf,,Processed,2025-03-18T00:00:00.000Z
AAMkADQyZmU2Mjk0LTU2YjktNDdhMS05YzE3LWJlNjNkZGQ0MWVhZgBGAAAAAAAckzNzsX2FRYp2SXd_PzQPBwAAVfusFxFLSIhkFoo9H3MfAAAAAAEMAAAAVfusFxFLSIhkFoo9H3MfAAAB93r1AAA=,Bill INV-1098 from Align.Build Pty Ltd is due,invoicereminders@post.xero.com,invoicereminders@post.xero.com,2025-03-18T00:00:00.000Z,xero_with_pdf,INV-1098,408.38,Align.Build Pty Ltd,2025-03-25T00:00:00.000Z,https://rudraprojects-my.sharepoint.com/personal/satyagala_rudraprojects_onmicrosoft_com/Documents/Invoice_Attachments/2025-09-06/Invoice%20INV-1098.pdf,https://go.xero.com/invoice/INV-1098,Processed,2025-03-18T00:00:00.000Z
AAMkADQyZmU2Mjk0LTU2YjktNDdhMS05YzE3LWJlNjNkZGQ0MWVhZgBGAAAAAAAckzNzsX2FRYp2SXd_PzQPBwAAVfusFxFLSIhkFoo9H3MfAAAAAAEMAAAAVfusFxFLSIhkFoo9H3MfAAAB947xAAA=,March Invoice INV-0188 from Taxcellent Business Advisors Pty Ltd for Rudra Projects & Developments Pty Ltd,,,2025-03-15T00:00:00.000Z,standard_pdf,INV-0188,2200.0,Rudra Projects & Developments Pty Ltd,2025-03-22T00:00:00.000Z,https://rudraprojects-my.sharepoint.com/personal/satyagala_rudraprojects_onmicrosoft_com/Documents/Invoice_Attachments/2025-09-06/Invoice%20INV-0188.pdf,,Processed,2025-03-15T00:00:00.000Z
AAMkADQyZmU2Mjk0LTU2YjktNDdhMS05YzE3LWJlNjNkZGQ0MWVhZgBGAAAAAAAckzNzsX2FRYp2SXd_PzQPBwAAVfusFxFLSIhkFoo9H3MfAAAAAAEMAAAAVfusFxFLSIhkFoo9H3MfAAAB93n4AAA=,Invoice INV-0182 from Taxcellent Business Advisors Pty Ltd for Slice and Spice Pty Ltd,,,2025-03-12T00:00:00.000Z,standard_pdf,INV-0182,1477.0,Taxcellent Business Advisors Pty Ltd,2025-03-26T00:00:00.000Z,https://rudraprojects-my.sharepoint.com/personal/satyagala_rudraprojects_onmicrosoft_com/Documents/Invoice_Attachments/2025-09-06/Invoice%20INV-0182.pdf,,Processed,2025-03-12T00:00:00.000Z
AAMkADQyZmU2Mjk0LTU2YjktNDdhMS05YzE3LWJlNjNkZGQ0MWVhZgBGAAAAAAAckzNzsX2FRYp2SXd_PzQPBwAAVfusFxFLSIhkFoo9H3MfAAAAAAEMAAAAVfusFxFLSIhkFoo9H3MfAAAB945aAAA=,Bill INV-1076 from Align.Build Pty Ltd is due,invoicereminders@post.xero.com,invoicereminders@post.xero.com,2025-03-06T00:00:00.000Z,xero_with_pdf,INV-1076,272.25,Align.Build Pty Ltd,2025-03-13T00:00:00.000Z,https://rudraprojects-my.sharepoint.com/personal/satyagala_rudraprojects_onmicrosoft_com/Documents/Invoice_Attachments/2025-09-06/Invoice%20INV-1076.pdf,https://go.xero.com/invoice/INV-1076,Processed,2025-03-06T00:00:00.000Z
AAMkADQyZmU2Mjk0LTU2YjktNDdhMS05YzE3LWJlNjNkZGQ0MWVhZgBGAAAAAAAckzNzsX2FRYp2SXd_PzQPBwAAVfusFxFLSIhkFoo9H3MfAAAAAAEMAAAAVfusFxFLSIhkFoo9H3MfAAAB945bAAA=,Bill INV-1077 from Align.Build Pty Ltd is due,invoicereminders@post.xero.com,invoicereminders@post.xero.com,2025-03-06T00:00:00.000Z,xero_with_pdf,INV-1077,2684.0,Align.Build Pty Ltd,2025-03-13T00:00:00.000Z,https://rudraprojects-my.sharepoint.com/personal/satyagala_rudraprojects_onmicrosoft_com/Documents/Invoice_Attachments/2025-09-06/Invoice%20INV-1077.pdf,https://go.xero.com/invoice/INV-1077,Processed,2025-03-06T00:00:00.000Z
AAMkADQyZmU2Mjk0LTU2YjktNDdhMS05YzE3LWJlNjNkZGQ0MWVhZgBGAAAAAAAckzNzsX2FRYp2SXd_PzQPBwAAVfusFxFLSIhkFoo9H3MfAAAAAAEMAAAAVfusFxFLSIhkFoo9H3MfAAAB945ZAAA=,Bill INV-1085 from Align.Build Pty Ltd is due,invoicereminders@post.xero.com,invoicereminders@post.xero.com,2025-03-06T00:00:00.000Z,xero_with_pdf,INV-1085,2150.5,Align.Build Pty Ltd,2025-03-13T00:00:00.000Z,https://rudraprojects-my.sharepoint.com/personal/satyagala_rudraprojects_onmicrosoft_com/Documents/Invoice_Attachments/2025-09-06/Invoice%20INV-1085.pdf,https://go.xero.com/invoice/INV-1085,Processed,2025-03-06T00:00:00.000Z
AAMkADQyZmU2Mjk0LTU2YjktNDdhMS05YzE3LWJlNjNkZGQ0MWVhZgBGAAAAAAAckzNzsX2FRYp2SXd_PzQPBwAAVfusFxFLSIhkFoo9H3MfAAAAAAEMAAAAVfusFxFLSIhkFoo9H3MfAAAB94_1AAA=,Invoice WB-01027 from Davies Construction (TAS) Pty Ltd for Marconi Court Pty Ltd,,,2025-02-24T00:00:00.000Z,standard_pdf,WB-01027,85000.07,Davies Construction (Tas) Pty Ltd,2025-03-03T00:00:00.000Z,https://rudraprojects-my.sharepoint.com/personal/satyagala_rudraprojects_onmicrosoft_com/Documents/Invoice_Attachments/2025-09-06/Invoice%20WB-01027.pdf,,Processed,2025-02-24T00:00:00.000Z
AAMkADQyZmU2Mjk0LTU2YjktNDdhMS05YzE3LWJlNjNkZGQ0MWVhZgBGAAAAAAAckzNzsX2FRYp2SXd_PzQPBwAAVfusFxFLSIhkFoo9H3MfAAAAAAEMAAAAVfusFxFLSIhkFoo9H3MfAAAB94_aAAA=,Bill WB-01027 from Davies Construction (TAS) Pty Ltd is due,invoicereminders@post.xero.com,invoicereminders@post.xero.com,2025-02-24T00:00:00.000Z,xero_with_pdf,WB-01027,85000.07,Marconi Court Pty Ltd,2025-03-03T00:00:00.000Z,https://rudraprojects-my.sharepoint.com/personal/satyagala_rudraprojects_onmicrosoft_com/Documents/Invoice_Attachments/2025-09-06/Invoice%20WB-01027.pdf,https://go.xero.com/invoice/WB-01027,Processed,2025-02-24T00:00:00.000Z
AAMkADQyZmU2Mjk0LTU2YjktNDdhMS05YzE3LWJlNjNkZGQ0MWVhZgBGAAAAAAAckzNzsX2FRYp2SXd_PzQPBwAAVfusFxFLSIhkFoo9H3MfAAAAAAEMAAAAVfusFxFLSIhkFoo9H3MfAAAB945NAAA=,Invoice INV-1071 from Align.Build Pty Ltd for GAK Ballarat Pty Ltd,,,2025-02-20T00:00:00.000Z,standard_pdf,INV-1071,3982.0,Align.Build Pty Ltd,2025-02-27T00:00:00.000Z,https://rudraprojects-my.sharepoint.com/personal/satyagala_rudraprojects_onmicrosoft_com/Documents/Invoice_Attachments/2025-09-06/Invoice%20INV-1071.pdf,,Processed,2025-02-20T00:00:00.000Z
AAMkADQyZmU2Mjk0LTU2YjktNDdhMS05YzE3LWJlNjNkZGQ0MWVhZgBGAAAAAAAckzNzsX2FRYp2SXd_PzQPBwAAVfusFxFLSIhkFoo9H3MfAAAAAAEMAAAAVfusFxFLSIhkFoo9H3MfAAAB944yAAA=,Bill INV-1071 from Align.Build Pty Ltd is due,invoicereminders@post.xero.com,invoicereminders@post.xero.com,2025-02-20T00:00:00.000Z,xero_with_pdf,INV-1071,3982.0,Align.Build Pty Ltd,2025-02-27T00:00:00.000Z,https://rudraprojects-my.sharepoint.com/personal/satyagala_rudraprojects_onmicrosoft_com/Documents/Invoice_Attachments/2025-09-06/Invoice%20INV-1071.pdf,https://go.xero.com/invoice/INV-1071,Processed,2025-02-20T00:00:00.000Z
AAMkADQyZmU2Mjk0LTU2YjktNDdhMS05YzE3LWJlNjNkZGQ0MWVhZgBGAAAAAAAckzNzsX2FRYp2SXd_PzQPBwAAVfusFxFLSIhkFoo9H3MfAAAAAAEMAAAAVfusFxFLSIhkFoo9H3MfAAAB96ACAAA=,Invoice INV-0171 from Taxcellent Business Advisors Pty Ltd for Rudra Projects & Developments Pty Ltd,,,2025-02-15T00:00:00.000Z,standard_pdf,INV-0171,2200.0,Rudra Projects & Developments Pty Ltd,2025-02-22T00:00:00.000Z,https://rudraprojects-my.sharepoint.com/personal/satyagala_rudraprojects_onmicrosoft_com/Documents/Invoice_Attachments/2025-09-06/Invoice%20INV-0171.pdf,,Processed,2025-02-15T00:00:00.000Z
AAMkADQyZmU2Mjk0LTU2YjktNDdhMS05YzE3LWJlNjNkZGQ0MWVhZgBGAAAAAAAckzNzsX2FRYp2SXd_PzQPBwAAVfusFxFLSIhkFoo9H3MfAAAAAAEMAAAAVfusFxFLSIhkFoo9H3MfAAAB96EeAAA=,Bill INV-1054 from Align.Build Pty Ltd is due,invoicereminders@post.xero.com,invoicereminders@post.xero.com,2025-02-04T00:00:00.000Z,xero_with_pdf,INV-1054,1188.0,Align.Build Pty Ltd,2025-02-11T00:00:00.000Z,https://rudraprojects-my.sharepoint.com/personal/satyagala_rudraprojects_onmicrosoft_com/Documents/Invoice_Attachments/2025-09-06/Invoice%20INV-1054.pdf,https://go.xero.com/invoice/INV-1054,Processed,2025-02-04T00:00:00.000Z
AAMkADQyZmU2Mjk0LTU2YjktNDdhMS05YzE3LWJlNjNkZGQ0MWVhZgBGAAAAAAAckzNzsX2FRYp2SXd_PzQPBwAAVfusFxFLSIhkFoo9H3MfAAAAAAEMAAAAVfusFxFLSIhkFoo9H3MfAAAB96DlAAA=,Bill INV-1031 from Align.Build Pty Ltd is due,invoicereminders@post.xero.com,invoicereminders@post.xero.com,2025-01-23T00:00:00.000Z,xero_with_pdf,INV-1031,1452.0,Align.Build Pty Ltd,2025-01-30T00:00:00.000Z,https://rudraprojects-my.sharepoint.com/personal/satyagala_rudraprojects_onmicrosoft_com/Documents/Invoice_Attachments/2025-09-06/Invoice%20INV-1031.pdf,https://go.xero.com/invoice/INV-1031,Processed,2025-01-23T00:00:00.000Z
AAMkADQyZmU2Mjk0LTU2YjktNDdhMS05YzE3LWJlNjNkZGQ0MWVhZgBGAAAAAAAckzNzsX2FRYp2SXd_PzQPBwAAVfusFxFLSIhkFoo9H3MfAAAAAAEMAAAAVfusFxFLSIhkFoo9H3MfAAAB96NwAAA=,Invoice INV-0150 from Taxcellent Business Advisors Pty Ltd for Rudra Projects & Developments Pty Ltd,,,2025-01-20T00:00:00.000Z,standard_pdf,INV-0150,2200.0,Taxcellent Business Advisors Pty Ltd,2025-01-27T00:00:00.000Z,https://rudraprojects-my.sharepoint.com/personal/satyagala_rudraprojects_onmicrosoft_com/Documents/Invoice_Attachments/2025-09-06/Invoice%20INV-0150.pdf,,Processed,2025-01-20T00:00:00.000Z
AAMkADQyZmU2Mjk0LTU2YjktNDdhMS05YzE3LWJlNjNkZGQ0MWVhZgBGAAAAAAAckzNzsX2FRYp2SXd_PzQPBwAAVfusFxFLSIhkFoo9H3MfAAAAAAEMAAAAVfusFxFLSIhkFoo9H3MfAAAB96JzAAA=,Invoice INV-13638 from Schofields Flying Club Ltd for Satya Gala,,,2025-01-19T00:00:00.000Z,standard_pdf,INV-13638,4509.67,Schofields Flying Club Ltd,2025-01-19T00:00:00.000Z,https://rudraprojects-my.sharepoint.com/personal/satyagala_rudraprojects_onmicrosoft_com/Documents/Invoice_Attachments/2025-09-06/Invoice%20INV-13638.pdf,,Processed,2025-01-19T00:00:00.000Z
AAMkADQyZmU2Mjk0LTU2YjktNDdhMS05YzE3LWJlNjNkZGQ0MWVhZgBGAAAAAAAckzNzsX2FRYp2SXd_PzQPBwAAVfusFxFLSIhkFoo9H3MfAAAAAAEMAAAAVfusFxFLSIhkFoo9H3MfAAAB972_AAA=,Invoice INV-1020 from Align.Build Pty Ltd for Marconi Court Pty Ltd,,,2025-01-09T00:00:00.000Z,standard_pdf,INV-1020,440.0,Align.Build Pty Ltd,2025-01-16T00:00:00.000Z,https://rudraprojects-my.sharepoint.com/personal/satyagala_rudraprojects_onmicrosoft_com/Documents/Invoice_Attachments/2025-09-06/Invoice%20INV-1020.pdf,,Processed,2025-01-09T00:00:00.000Z
AAMkADQyZmU2Mjk0LTU2YjktNDdhMS05YzE3LWJlNjNkZGQ0MWVhZgBGAAAAAAAckzNzsX2FRYp2SXd_PzQPBwAAVfusFxFLSIhkFoo9H3MfAAAAAAEMAAAAVfusFxFLSIhkFoo9H3MfAAAB972tAAA=,Invoice INV-1027 from Align.Build Pty Ltd for Rudra projects,,,2025-01-09T00:00:00.000Z,standard_pdf,INV-1027,397.38,Align.Build Pty Ltd,2025-01-16T00:00:00.000Z,https://rudraprojects-my.sharepoint.com/personal/satyagala_rudraprojects_onmicrosoft_com/Documents/Invoice_Attachments/2025-09-06/Invoice%20INV-1027.pdf,,Processed,2025-01-09T00:00:00.000Z
AAMkADQyZmU2Mjk0LTU2YjktNDdhMS05YzE3LWJlNjNkZGQ0MWVhZgBGAAAAAAAckzNzsX2FRYp2SXd_PzQPBwAAVfusFxFLSIhkFoo9H3MfAAAAAAEMAAAAVfusFxFLSIhkFoo9H3MfAAAB9705AAA=,Bill INV-1020 from Align.Build Pty Ltd is due soon,invoicereminders@post.xero.com,invoicereminders@post.xero.com,2025-01-09T00:00:00.000Z,xero_with_pdf,INV-1020,440.0,Align.Build Pty Ltd,2025-01-16T00:00:00.000Z,https://rudraprojects-my.sharepoint.com/personal/satyagala_rudraprojects_onmicrosoft_com/Documents/Invoice_Attachments/2025-09-06/Invoice%20INV-1020.pdf,https://go.xero.com/invoice/INV-1020,Processed,2025-01-09T00:00:00.000Z
AAMkADQyZmU2Mjk0LTU2YjktNDdhMS05YzE3LWJlNjNkZGQ0MWVhZgBGAAAAAAAckzNzsX2FRYp2SXd_PzQPBwAAVfusFxFLSIhkFoo9H3MfAAAAAAEMAAAAVfusFxFLSIhkFoo9H3MfAAAB9704AAA=,Bill INV-1027 from Align.Build Pty Ltd is due soon,invoicereminders@post.xero.com,invoicereminders@post.xero.com,2025-01-09T00:00:00.000Z,xero_with_pdf,INV-1027,397.38,Align.Build Pty Ltd,2025-01-16T00:00:00.000Z,https://rudraprojects-my.sharepoint.com/personal/satyagala_rudraprojects_onmicrosoft_com/Documents/Invoice_Attachments/2025-09-06/Invoice%20INV-1027.pdf,https://go.xero.com/invoice/INV-1027,Processed,2025-01-09T00:00:00.000Z
AAMkADQyZmU2Mjk0LTU2YjktNDdhMS05YzE3LWJlNjNkZGQ0MWVhZgBGAAAAAAAckzNzsX2FRYp2SXd_PzQPBwAAVfusFxFLSIhkFoo9H3MfAAAAAAEMAAAAVfusFxFLSIhkFoo9H3MfAAAB974OAAA=,Invoice INV-1018 from Align.Build Pty Ltd for Rudra projects,,,2025-01-06T00:00:00.000Z,standard_pdf,INV-1018,981.75,Align.Build Pty Ltd,2025-01-13T00:00:00.000Z,https://rudraprojects-my.sharepoint.com/personal/satyagala_rudraprojects_onmicrosoft_com/Documents/Invoice_Attachments/2025-09-06/Invoice%20INV-1018.pdf,,Processed,2025-01-06T00:00:00.000Z
AAMkADQyZmU2Mjk0LTU2YjktNDdhMS05YzE3LWJlNjNkZGQ0MWVhZgBGAAAAAAAckzNzsX2FRYp2SXd_PzQPBwAAVfusFxFLSIhkFoo9H3MfAAAAAAEMAAAAVfusFxFLSIhkFoo9H3MfAAAB974DAAA=,Invoice INV-1016 from Align.Build Pty Ltd for Rudra projects,,,2025-01-06T00:00:00.000Z,standard_pdf,INV-1016,280.5,Align.Build Pty Ltd,2025-01-13T00:00:00.000Z,https://rudraprojects-my.sharepoint.com/personal/satyagala_rudraprojects_onmicrosoft_com/Documents/Invoice_Attachments/2025-09-06/Invoice%20INV-1016.pdf,,Processed,2025-01-06T00:00:00.000Z
AAMkADQyZmU2Mjk0LTU2YjktNDdhMS05YzE3LWJlNjNkZGQ0MWVhZgBGAAAAAAAckzNzsX2FRYp2SXd_PzQPBwAAVfusFxFLSIhkFoo9H3MfAAAAAAEMAAAAVfusFxFLSIhkFoo9H3MfAAAB9741AAA=,Invoice INV-0133 from Taxcellent Business Advisors Pty Ltd for RS Developments Pty Ltd,,,2025-01-02T00:00:00.000Z,standard_pdf,INV-0133,1586.0,Taxcellent Business Advisors Pty Ltd,2025-01-09T00:00:00.000Z,https://rudraprojects-my.sharepoint.com/personal/satyagala_rudraprojects_onmicrosoft_com/Documents/Invoice_Attachments/2025-09-06/Invoice%20INV-0133.pdf,,Processed,2025-01-02T00:00:00.000Z
AAMkADQyZmU2Mjk0LTU2YjktNDdhMS05YzE3LWJlNjNkZGQ0MWVhZgBGAAAAAAAckzNzsX2FRYp2SXd_PzQPBwAAVfusFxFLSIhkFoo9H3MfAAAAAAEMAAAAVfusFxFLSIhkFoo9H3MfAAAB9742AAA=,Invoice INV-0132 from Taxcellent Business Advisors Pty Ltd for Rudra Projects & Developments Pty Ltd,,,2025-01-02T00:00:00.000Z,standard_pdf,INV-0132,1125.0,Taxcellent Business Advisors Pty Ltd,2025-01-09T00:00:00.000Z,https://rudraprojects-my.sharepoint.com/personal/satyagala_rudraprojects_onmicrosoft_com/Documents/Invoice_Attachments/2025-09-06/Invoice%20INV-0132.pdf,,Processed,2025-01-02T00:00:00.000Z
AAMkADQyZmU2Mjk0LTU2YjktNDdhMS05YzE3LWJlNjNkZGQ0MWVhZgBGAAAAAAAckzNzsX2FRYp2SXd_PzQPBwAAVfusFxFLSIhkFoo9H3MfAAAAAAEMAAAAVfusFxFLSIhkFoo9H3MfAAAB971yAAA=,Invoice INV-1006 from Align.Build Pty Ltd for Marconi Court Pty Ltd,,,2024-12-17T00:00:00.000Z,standard_pdf,INV-1006,1320.0,Align.Build Pty Ltd,2024-12-24T00:00:00.000Z,https://rudraprojects-my.sharepoint.com/personal/satyagala_rudraprojects_onmicrosoft_com/Documents/Invoice_Attachments/2025-09-06/Invoice%20INV-1006.pdf,,Processed,2024-12-17T00:00:00.000Z
AAMkADQyZmU2Mjk0LTU2YjktNDdhMS05YzE3LWJlNjNkZGQ0MWVhZgBGAAAAAAAckzNzsX2FRYp2SXd_PzQPBwAAVfusFxFLSIhkFoo9H3MfAAAAAAEMAAAAVfusFxFLSIhkFoo9H3MfAAAB9707AAA=,Bill INV-1006 from Align.Build Pty Ltd is due,invoicereminders@post.xero.com,invoicereminders@post.xero.com,2024-12-17T00:00:00.000Z,xero_with_pdf,INV-1006,1320.0,Align.Build Pty Ltd,2024-12-24T00:00:00.000Z,https://rudraprojects-my.sharepoint.com/personal/satyagala_rudraprojects_onmicrosoft_com/Documents/Invoice_Attachments/2025-09-06/Invoice%20INV-1006.pdf,https://go.xero.com/invoice/INV-1006,Processed,2024-12-17T00:00:00.000Z
AAMkADQyZmU2Mjk0LTU2YjktNDdhMS05YzE3LWJlNjNkZGQ0MWVhZgBGAAAAAAAckzNzsX2FRYp2SXd_PzQPBwAAVfusFxFLSIhkFoo9H3MfAAAAAAEMAAAAVfusFxFLSIhkFoo9H3MfAAAB978VAAA=,Invoice INV-0121 from Taxcellent Business Advisors Pty Ltd for Rudra Projects & Developments Pty Ltd,,,2024-12-16T00:00:00.000Z,standard_pdf,INV-0121,2200.0,Taxcellent Business Advisors Pty Ltd,2024-12-23T00:00:00.000Z,https://rudraprojects-my.sharepoint.com/personal/satyagala_rudraprojects_onmicrosoft_com/Documents/Invoice_Attachments/2025-09-06/Invoice%20INV-0121.pdf,,Processed,2024-12-16T00:00:00.000Z
AAMkADQyZmU2Mjk0LTU2YjktNDdhMS05YzE3LWJlNjNkZGQ0MWVhZgBGAAAAAAAckzNzsX2FRYp2SXd_PzQPBwAAVfusFxFLSIhkFoo9H3MfAAAAAAEMAAAAVfusFxFLSIhkFoo9H3MfAAAB97-4AAA=,Invoice INV-0981 from Align.Build Pty Ltd for Marconi Court Pty Ltd,,,2024-12-03T00:00:00.000Z,standard_pdf,INV-0981,484.0,Align.Build Pty Ltd,2024-12-10T00:00:00.000Z,https://rudraprojects-my.sharepoint.com/personal/satyagala_rudraprojects_onmicrosoft_com/Documents/Invoice_Attachments/2025-09-06/Invoice%20INV-0981.pdf,,Processed,2024-12-03T00:00:00.000Z
AAMkADQyZmU2Mjk0LTU2YjktNDdhMS05YzE3LWJlNjNkZGQ0MWVhZgBGAAAAAAAckzNzsX2FRYp2SXd_PzQPBwAAVfusFxFLSIhkFoo9H3MfAAAAAAEMAAAAVfusFxFLSIhkFoo9H3MfAAAB97-lAAA=,Invoice INV-0978 from Align.Build Pty Ltd for Luck Street Trust,,,2024-12-03T00:00:00.000Z,standard_pdf,INV-0978,226.88,Align.Build Pty Ltd,2024-12-10T00:00:00.000Z,https://rudraprojects-my.sharepoint.com/personal/satyagala_rudraprojects_onmicrosoft_com/Documents/Invoice_Attachments/2025-09-06/Invoice%20INV-0978.pdf,,Processed,2024-12-03T00:00:00.000Z
AAMkADQyZmU2Mjk0LTU2YjktNDdhMS05YzE3LWJlNjNkZGQ0MWVhZgBGAAAAAAAckzNzsX2FRYp2SXd_PzQPBwAAVfusFxFLSIhkFoo9H3MfAAAAAAEMAAAAVfusFxFLSIhkFoo9H3MfAAAB979uAAA=,Bill INV-0981 from Align.Build Pty Ltd is due,invoicereminders@post.xero.com,invoicereminders@post.xero.com,2024-12-03T00:00:00.000Z,xero_with_pdf,INV-0981,484.0,Align.Build Pty Ltd,2024-12-10T00:00:00.000Z,https://rudraprojects-my.sharepoint.com/personal/satyagala_rudraprojects_onmicrosoft_com/Documents/Invoice_Attachments/2025-09-06/Invoice%20INV-0981.pdf,https://go.xero.com/invoice/INV-0981,Processed,2024-12-03T00:00:00.000Z
AAMkADQyZmU2Mjk0LTU2YjktNDdhMS05YzE3LWJlNjNkZGQ0MWVhZgBGAAAAAAAckzNzsX2FRYp2SXd_PzQPBwAAVfusFxFLSIhkFoo9H3MfAAAAAAEMAAAAVfusFxFLSIhkFoo9H3MfAAAB979vAAA=,Bill INV-0978 from Align.Build Pty Ltd is due,invoicereminders@post.xero.com,invoicereminders@post.xero.com,2024-12-03T00:00:00.000Z,xero_with_pdf,INV-0978,226.88,Align.Build Pty Ltd,2024-12-10T00:00:00.000Z,https://rudraprojects-my.sharepoint.com/personal/satyagala_rudraprojects_onmicrosoft_com/Documents/Invoice_Attachments/2025-09-06/Invoice%20INV-0978.pdf,https://go.xero.com/invoice/INV-0978,Processed,2024-12-03T00:00:00.000Z
AAMkADQyZmU2Mjk0LTU2YjktNDdhMS05YzE3LWJlNjNkZGQ0MWVhZgBGAAAAAAAckzNzsX2FRYp2SXd_PzQPBwAAVfusFxFLSIhkFoo9H3MfAAAAAAEMAAAAVfusFxFLSIhkFoo9H3MfAAAB971xAAA=,Invoice INV-0962 from Align.Build Pty Ltd for Luck Street Trust,,,2024-11-19T00:00:00.000Z,standard_pdf,INV-0962,90.75,Align.Build Pty Ltd,2024-11-26T00:00:00.000Z,https://rudraprojects-my.sharepoint.com/personal/satyagala_rudraprojects_onmicrosoft_com/Documents/Invoice_Attachments/2025-09-06/Invoice%20INV-0962.pdf,,Processed,2024-11-19T00:00:00.000Z
AAMkADQyZmU2Mjk0LTU2YjktNDdhMS05YzE3LWJlNjNkZGQ0MWVhZgBGAAAAAAAckzNzsX2FRYp2SXd_PzQPBwAAVfusFxFLSIhkFoo9H3MfAAAAAAEMAAAAVfusFxFLSIhkFoo9H3MfAAAB99G-AAA=,Invoice INV-0965 from Align.Build Pty Ltd for Marconi Court Pty Ltd,,,2024-11-19T00:00:00.000Z,standard_pdf,INV-0965,176.0,Align.Build Pty Ltd,2024-11-26T00:00:00.000Z,https://rudraprojects-my.sharepoint.com/personal/satyagala_rudraprojects_onmicrosoft_com/Documents/Invoice_Attachments/2025-09-06/Invoice%20INV-0965.pdf,,Processed,2024-11-19T00:00:00.000Z
AAMkADQyZmU2Mjk0LTU2YjktNDdhMS05YzE3LWJlNjNkZGQ0MWVhZgBGAAAAAAAckzNzsX2FRYp2SXd_PzQPBwAAVfusFxFLSIhkFoo9H3MfAAAAAAEMAAAAVfusFxFLSIhkFoo9H3MfAAAB99HAAAA=,Invoice INV-0939 from Align.Build Pty Ltd for Luck Street Trust,,,2024-11-05T00:00:00.000Z,standard_pdf,INV-0939,408.38,Align.Build Pty Ltd,2024-11-12T00:00:00.000Z,https://rudraprojects-my.sharepoint.com/personal/satyagala_rudraprojects_onmicrosoft_com/Documents/Invoice_Attachments/2025-09-06/Invoice%20INV-0939.pdf,,Processed,2024-11-05T00:00:00.000Z
AAMkADQyZmU2Mjk0LTU2YjktNDdhMS05YzE3LWJlNjNkZGQ0MWVhZgBGAAAAAAAckzNzsX2FRYp2SXd_PzQPBwAAVfusFxFLSIhkFoo9H3MfAAAAAAEMAAAAVfusFxFLSIhkFoo9H3MfAAAB99G3AAA=,Invoice INV-0941 from Align.Build Pty Ltd for Marconi Court Pty Ltd,,,2024-11-05T00:00:00.000Z,standard_pdf,INV-0941,2904.0,Align.Build Pty Ltd,2024-11-12T00:00:00.000Z,https://rudraprojects-my.sharepoint.com/personal/satyagala_rudraprojects_onmicrosoft_com/Documents/Invoice_Attachments/2025-09-06/Invoice%20INV-0941.pdf,,Processed,2024-11-05T00:00:00.000Z
AAMkADQyZmU2Mjk0LTU2YjktNDdhMS05YzE3LWJlNjNkZGQ0MWVhZgBGAAAAAAAckzNzsX2FRYp2SXd_PzQPBwAAVfusFxFLSIhkFoo9H3MfAAAAAAEMAAAAVfusFxFLSIhkFoo9H3MfAAAB99GwAAA=,Bill INV-0939 from Align.Build Pty Ltd is due,invoicereminders@post.xero.com,invoicereminders@post.xero.com,2024-11-05T00:00:00.000Z,xero_with_pdf,INV-0939,408.38,Align.Build Pty Ltd,2024-11-12T00:00:00.000Z,https://rudraprojects-my.sharepoint.com/personal/satyagala_rudraprojects_onmicrosoft_com/Documents/Invoice_Attachments/2025-09-06/Invoice%20INV-0939.pdf,https://go.xero.com/invoice/INV-0939,Processed,2024-11-05T00:00:00.000Z
AAMkADQyZmU2Mjk0LTU2YjktNDdhMS05YzE3LWJlNjNkZGQ0MWVhZgBGAAAAAAAckzNzsX2FRYp2SXd_PzQPBwAAVfusFxFLSIhkFoo9H3MfAAAAAAEMAAAAVfusFxFLSIhkFoo9H3MfAAAB99GxAAA=,Bill INV-0941 from Align.Build Pty Ltd is due,invoicereminders@post.xero.com,invoicereminders@post.xero.com,2024-11-05T00:00:00.000Z,xero_with_pdf,INV-0941,2904.0,Align.Build Pty Ltd,2024-11-12T00:00:00.000Z,https://rudraprojects-my.sharepoint.com/personal/satyagala_rudraprojects_onmicrosoft_com/Documents/Invoice_Attachments/2025-09-06/Invoice%20INV-0941.pdf,https://go.xero.com/invoice/INV-0941,Processed,2024-11-05T00:00:00.000Z
AAMkADQyZmU2Mjk0LTU2YjktNDdhMS05YzE3LWJlNjNkZGQ0MWVhZgBGAAAAAAAckzNzsX2FRYp2SXd_PzQPBwAAVfusFxFLSIhkFoo9H3MfAAAAAAEMAAAAVfusFxFLSIhkFoo9H3MfAAAB976AAAA=,Invoice INV-0056 from Taxcellent Business Advisors Pty Ltd for Rudra Projects & Developments Pty Ltd,,,2024-10-22T00:00:00.000Z,standard_pdf,INV-0056,11000.0,Rudra Projects & Developments Pty Ltd,2024-11-22T00:00:00.000Z,https://rudraprojects-my.sharepoint.com/personal/satyagala_rudraprojects_onmicrosoft_com/Documents/Invoice_Attachments/2025-09-06/Invoice%20INV-0056.pdf,,Processed,2024-10-22T00:00:00.000Z
AAMkADQyZmU2Mjk0LTU2YjktNDdhMS05YzE3LWJlNjNkZGQ0MWVhZgBGAAAAAAAckzNzsX2FRYp2SXd_PzQPBwAAVfusFxFLSIhkFoo9H3MfAAAAAAEMAAAAVfusFxFLSIhkFoo9H3MfAAAB99QDAAA=,Invoice INV-0904 from Align.Build Pty Ltd for Luck Street Trust,,,2024-10-08T00:00:00.000Z,standard_pdf,INV-0904,317.63,Align.Build Pty Ltd,2024-10-15T00:00:00.000Z,https://rudraprojects-my.sharepoint.com/personal/satyagala_rudraprojects_onmicrosoft_com/Documents/Invoice_Attachments/2025-09-06/Invoice%20INV-0904.pdf,,Processed,2024-10-08T00:00:00.000Z
AAMkADQyZmU2Mjk0LTU2YjktNDdhMS05YzE3LWJlNjNkZGQ0MWVhZgBGAAAAAAAckzNzsX2FRYp2SXd_PzQPBwAAVfusFxFLSIhkFoo9H3MfAAAAAAEMAAAAVfusFxFLSIhkFoo9H3MfAAAB99QEAAA=,Invoice INV-0907 from Align.Build Pty Ltd for Marconi Court Pty Ltd,,,2024-10-08T00:00:00.000Z,standard_pdf,INV-0907,792.0,Align.Build Pty Ltd,2024-10-15T00:00:00.000Z,https://rudraprojects-my.sharepoint.com/personal/satyagala_rudraprojects_onmicrosoft_com/Documents/Invoice_Attachments/2025-09-06/Invoice%20INV-0907.pdf,,Processed,2024-10-08T00:00:00.000Z
AAMkADQyZmU2Mjk0LTU2YjktNDdhMS05YzE3LWJlNjNkZGQ0MWVhZgBGAAAAAAAckzNzsX2FRYp2SXd_PzQPBwAAVfusFxFLSIhkFoo9H3MfAAAAAAEMAAAAVfusFxFLSIhkFoo9H3MfAAAB99OOAAA=,Bill INV-0904 from Align.Build Pty Ltd is due,invoicereminders@post.xero.com,invoicereminders@post.xero.com,2024-10-08T00:00:00.000Z,xero_with_pdf,INV-0904,317.63,Align.Build Pty Ltd,2024-10-15T00:00:00.000Z,https://rudraprojects-my.sharepoint.com/personal/satyagala_rudraprojects_onmicrosoft_com/Documents/Invoice_Attachments/2025-09-06/Invoice%20INV-0904.pdf,https://go.xero.com/invoice/INV-0904,Processed,2024-10-08T00:00:00.000Z
AAMkADQyZmU2Mjk0LTU2YjktNDdhMS05YzE3LWJlNjNkZGQ0MWVhZgBGAAAAAAAckzNzsX2FRYp2SXd_PzQPBwAAVfusFxFLSIhkFoo9H3MfAAAAAAEMAAAAVfusFxFLSIhkFoo9H3MfAAAB99OPAAA=,Bill INV-0907 from Align.Build Pty Ltd is due,invoicereminders@post.xero.com,invoicereminders@post.xero.com,2024-10-08T00:00:00.000Z,xero_with_pdf,INV-0907,792.0,Align.Build Pty Ltd,2024-10-15T00:00:00.000Z,https://rudraprojects-my.sharepoint.com/personal/satyagala_rudraprojects_onmicrosoft_com/Documents/Invoice_Attachments/2025-09-06/Invoice%20INV-0907.pdf,https://go.xero.com/invoice/INV-0907,Processed,2024-10-08T00:00:00.000Z
AAMkADQyZmU2Mjk0LTU2YjktNDdhMS05YzE3LWJlNjNkZGQ0MWVhZgBGAAAAAAAckzNzsX2FRYp2SXd_PzQPBwAAVfusFxFLSIhkFoo9H3MfAAAAAAEMAAAAVfusFxFLSIhkFoo9H3MfAAAB99RUAAA=,Bill INV-0884 from Align.Build Pty Ltd is due,invoicereminders@post.xero.com,invoicereminders@post.xero.com,2024-09-24T00:00:00.000Z,xero_with_pdf,INV-0884,4356.0,Align.Build Pty Ltd,2024-10-01T00:00:00.000Z,https://rudraprojects-my.sharepoint.com/personal/satyagala_rudraprojects_onmicrosoft_com/Documents/Invoice_Attachments/2025-09-06/Invoice%20INV-0884.pdf,https://go.xero.com/invoice/INV-0884,Processed,2024-09-24T00:00:00.000Z
AAMkADQyZmU2Mjk0LTU2YjktNDdhMS05YzE3LWJlNjNkZGQ0MWVhZgBGAAAAAAAckzNzsX2FRYp2SXd_PzQPBwAAVfusFxFLSIhkFoo9H3MfAAAAAAEMAAAAVfusFxFLSIhkFoo9H3MfAAAB99VnAAA=,Bill INV-0877 from Align.Build Pty Ltd is due,invoicereminders@post.xero.com,invoicereminders@post.xero.com,2024-09-10T00:00:00.000Z,xero_with_pdf,INV-0877,90.75,Align.Build Pty Ltd,2024-09-17T00:00:00.000Z,https://rudraprojects-my.sharepoint.com/personal/satyagala_rudraprojects_onmicrosoft_com/Documents/Invoice_Attachments/2025-09-06/Invoice%20INV-0877.pdf,https://go.xero.com/invoice/INV-0877,Processed,2024-09-10T00:00:00.000Z
AAMkADQyZmU2Mjk0LTU2YjktNDdhMS05YzE3LWJlNjNkZGQ0MWVhZgBGAAAAAAAckzNzsX2FRYp2SXd_PzQPBwAAVfusFxFLSIhkFoo9H3MfAAAAAAEMAAAAVfusFxFLSIhkFoo9H3MfAAAB99VmAAA=,Bill INV-0875 from Align.Build Pty Ltd is due,invoicereminders@post.xero.com,invoicereminders@post.xero.com,2024-09-10T00:00:00.000Z,xero_with_pdf,INV-0875,1804.0,Align.Build Pty Ltd,2024-09-17T00:00:00.000Z,https://rudraprojects-my.sharepoint.com/personal/satyagala_rudraprojects_onmicrosoft_com/Documents/Invoice_Attachments/2025-09-06/Invoice%20INV-0875.pdf,https://go.xero.com/invoice/INV-0875,Processed,2024-09-10T00:00:00.000Z
AAMkADQyZmU2Mjk0LTU2YjktNDdhMS05YzE3LWJlNjNkZGQ0MWVhZgBGAAAAAAAckzNzsX2FRYp2SXd_PzQPBwAAVfusFxFLSIhkFoo9H3MfAAAAAAEMAAAAVfusFxFLSIhkFoo9H3MfAAAB9_uaAAA=,Bill INV-0843 from Align.Build Pty Ltd is due soon,invoicereminders@post.xero.com,invoicereminders@post.xero.com,2024-08-27T00:00:00.000Z,xero_with_pdf,INV-0843,3811.5,Align.Build Pty Ltd,2024-09-03T00:00:00.000Z,https://rudraprojects-my.sharepoint.com/personal/satyagala_rudraprojects_onmicrosoft_com/Documents/Invoice_Attachments/2025-09-06/Invoice%20INV-0843.pdf,https://go.xero.com/invoice/INV-0843,Processed,2024-08-27T00:00:00.000Z
AAMkADQyZmU2Mjk0LTU2YjktNDdhMS05YzE3LWJlNjNkZGQ0MWVhZgBGAAAAAAAckzNzsX2FRYp2SXd_PzQPBwAAVfusFxFLSIhkFoo9H3MfAAAAAAEMAAAAVfusFxFLSIhkFoo9H3MfAAAB9_tYAAA=,Bill INV-0847 from Align.Build Pty Ltd is due,invoicereminders@post.xero.com,invoicereminders@post.xero.com,2024-08-27T00:00:00.000Z,xero_with_pdf,INV-0847,1144.0,Align.Build Pty Ltd,2024-09-03T00:00:00.000Z,https://rudraprojects-my.sharepoint.com/personal/satyagala_rudraprojects_onmicrosoft_com/Documents/Invoice_Attachments/2025-09-06/Invoice%20INV-0847.pdf,https://go.xero.com/invoice/INV-0847,Processed,2024-08-27T00:00:00.000Z
AAMkADQyZmU2Mjk0LTU2YjktNDdhMS05YzE3LWJlNjNkZGQ0MWVhZgBGAAAAAAAckzNzsX2FRYp2SXd_PzQPBwAAVfusFxFLSIhkFoo9H3MfAAAAAAEMAAAAVfusFxFLSIhkFoo9H3MfAAAB9_0SAAA=,Bill INV-0807 from Align.Build Pty Ltd is due,invoicereminders@post.xero.com,invoicereminders@post.xero.com,2024-08-02T00:00:00.000Z,xero_with_pdf,INV-0807,862.13,Align.Build Pty Ltd,2024-08-09T00:00:00.000Z,https://rudraprojects-my.sharepoint.com/personal/satyagala_rudraprojects_onmicrosoft_com/Documents/Invoice_Attachments/2025-09-06/Invoice%20INV-0807.pdf,https://go.xero.com/invoice/INV-0807,Processed,2024-08-02T00:00:00.000Z
AAMkADQyZmU2Mjk0LTU2YjktNDdhMS05YzE3LWJlNjNkZGQ0MWVhZgBGAAAAAAAckzNzsX2FRYp2SXd_PzQPBwAAVfusFxFLSIhkFoo9H3MfAAAAAAEMAAAAVfusFxFLSIhkFoo9H3MfAAAB9_0RAAA=,Bill INV-0809 from Align.Build Pty Ltd is due,invoicereminders@post.xero.com,invoicereminders@post.xero.com,2024-08-02T00:00:00.000Z,xero_with_pdf,INV-0809,2860.0,Align.Build Pty Ltd,2024-08-09T00:00:00.000Z,https://rudraprojects-my.sharepoint.com/personal/satyagala_rudraprojects_onmicrosoft_com/Documents/Invoice_Attachments/2025-09-06/Invoice%20INV-0809.pdf,https://go.xero.com/invoice/INV-0809,Processed,2024-08-02T00:00:00.000Z
AAMkADQyZmU2Mjk0LTU2YjktNDdhMS05YzE3LWJlNjNkZGQ0MWVhZgBGAAAAAAAckzNzsX2FRYp2SXd_PzQPBwAAVfusFxFLSIhkFoo9H3MfAAAAAAEMAAAAVfusFxFLSIhkFoo9H3MfAAAB_ACNAAA=,Bill INV-0787 from Align.Build Pty Ltd is due soon,invoicereminders@post.xero.com,invoicereminders@post.xero.com,2024-07-18T00:00:00.000Z,xero_with_pdf,INV-0787,1540.0,Align.Build Pty Ltd,2024-07-25T00:00:00.000Z,https://rudraprojects-my.sharepoint.com/personal/satyagala_rudraprojects_onmicrosoft_com/Documents/Invoice_Attachments/2025-09-06/Invoice%20INV-0787.pdf,https://go.xero.com/invoice/INV-0787,Processed,2024-07-18T00:00:00.000Z
AAMkADQyZmU2Mjk0LTU2YjktNDdhMS05YzE3LWJlNjNkZGQ0MWVhZgBGAAAAAAAckzNzsX2FRYp2SXd_PzQPBwAAVfusFxFLSIhkFoo9H3MfAAAAAAEMAAAAVfusFxFLSIhkFoo9H3MfAAAB_ACOAAA=,Bill INV-0786 from Align.Build Pty Ltd is due soon,invoicereminders@post.xero.com,invoicereminders@post.xero.com,2024-07-18T00:00:00.000Z,xero_with_pdf,INV-0786,1270.5,Align.Build Pty Ltd,2024-07-25T00:00:00.000Z,https://rudraprojects-my.sharepoint.com/personal/satyagala_rudraprojects_onmicrosoft_com/Documents/Invoice_Attachments/2025-09-06/Invoice%20INV-0786.pdf,https://go.xero.com/invoice/INV-0786,Processed,2024-07-18T00:00:00.000Z
AAMkADQyZmU2Mjk0LTU2YjktNDdhMS05YzE3LWJlNjNkZGQ0MWVhZgBGAAAAAAAckzNzsX2FRYp2SXd_PzQPBwAAVfusFxFLSIhkFoo9H3MfAAAAAAEMAAAAVfusFxFLSIhkFoo9H3MfAAAB_ABtAAA=,Bill INV-0787 from Align.Build Pty Ltd is due,invoicereminders@post.xero.com,invoicereminders@post.xero.com,2024-07-18T00:00:00.000Z,xero_with_pdf,INV-0787,1540.0,Align.Build Pty Ltd,2024-07-25T00:00:00.000Z,https://rudraprojects-my.sharepoint.com/personal/satyagala_rudraprojects_onmicrosoft_com/Documents/Invoice_Attachments/2025-09-06/Invoice%20INV-0787.pdf,https://go.xero.com/invoice/INV-0787,Processed,2024-07-18T00:00:00.000Z
AAMkADQyZmU2Mjk0LTU2YjktNDdhMS05YzE3LWJlNjNkZGQ0MWVhZgBGAAAAAAAckzNzsX2FRYp2SXd_PzQPBwAAVfusFxFLSIhkFoo9H3MfAAAAAAEMAAAAVfusFxFLSIhkFoo9H3MfAAAB_ABuAAA=,Bill INV-0786 from Align.Build Pty Ltd is due,invoicereminders@post.xero.com,invoicereminders@post.xero.com,2024-07-18T00:00:00.000Z,xero_with_pdf,INV-0786,1270.5,Align.Build Pty Ltd,2024-07-25T00:00:00.000Z,https://rudraprojects-my.sharepoint.com/personal/satyagala_rudraprojects_onmicrosoft_com/Documents/Invoice_Attachments/2025-09-06/Invoice%20INV-0786.pdf,https://go.xero.com/invoice/INV-0786,Processed,2024-07-18T00:00:00.000Z
AAMkADQyZmU2Mjk0LTU2YjktNDdhMS05YzE3LWJlNjNkZGQ0MWVhZgBGAAAAAAAckzNzsX2FRYp2SXd_PzQPBwAAVfusFxFLSIhkFoo9H3MfAAAAAAEMAAAAVfusFxFLSIhkFoo9H3MfAAAB_AGKAAA=,Bill INV-0760 from Align.Build Pty Ltd is due soon,invoicereminders@post.xero.com,invoicereminders@post.xero.com,2024-07-03T00:00:00.000Z,xero_with_pdf,INV-0760,181.5,Align.Build Pty Ltd,2024-07-10T00:00:00.000Z,https://rudraprojects-my.sharepoint.com/personal/satyagala_rudraprojects_onmicrosoft_com/Documents/Invoice_Attachments/2025-09-06/Invoice%20INV-0760.pdf,https://go.xero.com/invoice/INV-0760,Processed,2024-07-03T00:00:00.000Z
AAMkADQyZmU2Mjk0LTU2YjktNDdhMS05YzE3LWJlNjNkZGQ0MWVhZgBGAAAAAAAckzNzsX2FRYp2SXd_PzQPBwAAVfusFxFLSIhkFoo9H3MfAAAAAAEMAAAAVfusFxFLSIhkFoo9H3MfAAAB_AGLAAA=,Bill INV-0758 from Align.Build Pty Ltd is due soon,invoicereminders@post.xero.com,invoicereminders@post.xero.com,2024-07-03T00:00:00.000Z,xero_with_pdf,INV-0758,792.0,Align.Build Pty Ltd,2024-07-10T00:00:00.000Z,https://rudraprojects-my.sharepoint.com/personal/satyagala_rudraprojects_onmicrosoft_com/Documents/Invoice_Attachments/2025-09-06/Invoice%20INV-0758.pdf,https://go.xero.com/invoice/INV-0758,Processed,2024-07-03T00:00:00.000Z
AAMkADQyZmU2Mjk0LTU2YjktNDdhMS05YzE3LWJlNjNkZGQ0MWVhZgBGAAAAAAAckzNzsX2FRYp2SXd_PzQPBwAAVfusFxFLSIhkFoo9H3MfAAAAAAEMAAAAVfusFxFLSIhkFoo9H3MfAAAB_AFWAAA=,Bill INV-0760 from Align.Build Pty Ltd is due,invoicereminders@post.xero.com,invoicereminders@post.xero.com,2024-07-03T00:00:00.000Z,xero_with_pdf,INV-0760,181.5,Align.Build Pty Ltd,2024-07-10T00:00:00.000Z,https://rudraprojects-my.sharepoint.com/personal/satyagala_rudraprojects_onmicrosoft_com/Documents/Invoice_Attachments/2025-09-06/Invoice%20INV-0760.pdf,https://go.xero.com/invoice/INV-0760,Processed,2024-07-03T00:00:00.000Z
AAMkADQyZmU2Mjk0LTU2YjktNDdhMS05YzE3LWJlNjNkZGQ0MWVhZgBGAAAAAAAckzNzsX2FRYp2SXd_PzQPBwAAVfusFxFLSIhkFoo9H3MfAAAAAAEMAAAAVfusFxFLSIhkFoo9H3MfAAAB_AFXAAA=,Bill INV-0758 from Align.Build Pty Ltd is due,invoicereminders@post.xero.com,invoicereminders@post.xero.com,2024-07-03T00:00:00.000Z,xero_with_pdf,INV-0758,792.0,Align.Build Pty Ltd,2024-07-10T00:00:00.000Z,https://rudraprojects-my.sharepoint.com/personal/satyagala_rudraprojects_onmicrosoft_com/Documents/Invoice_Attachments/2025-09-06/Invoice%20INV-0758.pdf,https://go.xero.com/invoice/INV-0758,Processed,2024-07-03T00:00:00.000Z
AAMkADQyZmU2Mjk0LTU2YjktNDdhMS05YzE3LWJlNjNkZGQ0MWVhZgBGAAAAAAAckzNzsX2FRYp2SXd_PzQPBwAAVfusFxFLSIhkFoo9H3MfAAAAAAEMAAAAVfusFxFLSIhkFoo9H3MfAAAB_ALaAAA=,Bill INV-0757 from Davies Construction (TAS) Pty Ltd is due,invoicereminders@post.xero.com,invoicereminders@post.xero.com,2024-06-04T00:00:00.000Z,xero_with_pdf,INV-0757,1155.0,Luck Street Trust,2024-06-11T00:00:00.000Z,https://rudraprojects-my.sharepoint.com/personal/satyagala_rudraprojects_onmicrosoft_com/Documents/Invoice_Attachments/2025-09-06/Invoice%20INV-0757.pdf,https://go.xero.com/invoice/INV-0757,Processed,2024-06-04T00:00:00.000Z
AAMkADQyZmU2Mjk0LTU2YjktNDdhMS05YzE3LWJlNjNkZGQ0MWVhZgBGAAAAAAAckzNzsX2FRYp2SXd_PzQPBwAAVfusFxFLSIhkFoo9H3MfAAAAAAEMAAAAVfusFxFLSIhkFoo9H3MfAAAB_ANHAAA=,Bill INV-0728 from Align.Build Pty Ltd is due soon,invoicereminders@post.xero.com,invoicereminders@post.xero.com,2024-06-04T00:00:00.000Z,xero_with_pdf,INV-0728,594.0,Align.Build Pty Ltd,2024-06-11T00:00:00.000Z,https://rudraprojects-my.sharepoint.com/personal/satyagala_rudraprojects_onmicrosoft_com/Documents/Invoice_Attachments/2025-09-06/Invoice%20INV-0728.pdf,https://go.xero.com/invoice/INV-0728,Processed,2024-06-04T00:00:00.000Z
AAMkADQyZmU2Mjk0LTU2YjktNDdhMS05YzE3LWJlNjNkZGQ0MWVhZgBGAAAAAAAckzNzsX2FRYp2SXd_PzQPBwAAVfusFxFLSIhkFoo9H3MfAAAAAAEMAAAAVfusFxFLSIhkFoo9H3MfAAAB_BHeAAA=,Bill INV-0698 from Align.Build Pty Ltd is due,invoicereminders@post.xero.com,invoicereminders@post.xero.com,2024-05-07T00:00:00.000Z,xero_with_pdf,INV-0698,2314.13,Align.Build Pty Ltd,2024-05-14T00:00:00.000Z,https://rudraprojects-my.sharepoint.com/personal/satyagala_rudraprojects_onmicrosoft_com/Documents/Invoice_Attachments/2025-09-06/Invoice%20INV-0698.pdf,https://go.xero.com/invoice/INV-0698,Processed,2024-05-07T00:00:00.000Z
AAMkADQyZmU2Mjk0LTU2YjktNDdhMS05YzE3LWJlNjNkZGQ0MWVhZgBGAAAAAAAckzNzsX2FRYp2SXd_PzQPBwAAVfusFxFLSIhkFoo9H3MfAAAAAAEMAAAAVfusFxFLSIhkFoo9H3MfAAAB_BNOAAA=,Bill INV-0663 from Align.Build Pty Ltd is due soon,invoicereminders@post.xero.com,invoicereminders@post.xero.com,2024-04-09T00:00:00.000Z,xero_with_pdf,INV-0663,998.25,Align.Build Pty Ltd,2024-04-16T00:00:00.000Z,https://rudraprojects-my.sharepoint.com/personal/satyagala_rudraprojects_onmicrosoft_com/Documents/Invoice_Attachments/2025-09-06/Invoice%20INV-0663.pdf,https://go.xero.com/invoice/INV-0663,Processed,2024-04-09T00:00:00.000Z
AAMkADQyZmU2Mjk0LTU2YjktNDdhMS05YzE3LWJlNjNkZGQ0MWVhZgBGAAAAAAAckzNzsX2FRYp2SXd_PzQPBwAAVfusFxFLSIhkFoo9H3MfAAAAAAEMAAAAVfusFxFLSIhkFoo9H3MfAAAB_BMiAAA=,Bill INV-0663 from Align.Build Pty Ltd is due,invoicereminders@post.xero.com,invoicereminders@post.xero.com,2024-04-09T00:00:00.000Z,xero_with_pdf,INV-0663,998.25,Align.Build Pty Ltd,2024-04-16T00:00:00.000Z,https://rudraprojects-my.sharepoint.com/personal/satyagala_rudraprojects_onmicrosoft_com/Documents/Invoice_Attachments/2025-09-06/Invoice%20INV-0663.pdf,https://go.xero.com/invoice/INV-0663,Processed,2024-04-09T00:00:00.000Z
AAMkADQyZmU2Mjk0LTU2YjktNDdhMS05YzE3LWJlNjNkZGQ0MWVhZgBGAAAAAAAckzNzsX2FRYp2SXd_PzQPBwAAVfusFxFLSIhkFoo9H3MfAAAAAAEMAAAAVfusFxFLSIhkFoo9H3MfAAAB_BP3AAA=,Invoice INV-0647 from Align.Build Pty Ltd for Rudra projects,,,2024-03-26T00:00:00.000Z,standard_pdf,INV-0647,412.5,Align.Build Pty Ltd,2024-04-02T00:00:00.000Z,https://rudraprojects-my.sharepoint.com/personal/satyagala_rudraprojects_onmicrosoft_com/Documents/Invoice_Attachments/2025-09-06/Invoice%20INV-0647.pdf,,Processed,2024-03-26T00:00:00.000Z
AAMkADQyZmU2Mjk0LTU2YjktNDdhMS05YzE3LWJlNjNkZGQ0MWVhZgBGAAAAAAAckzNzsX2FRYp2SXd_PzQPBwAAVfusFxFLSIhkFoo9H3MfAAAAAAEMAAAAVfusFxFLSIhkFoo9H3MfAAAB_BP4AAA=,Invoice INV-0653 from Align.Build Pty Ltd for Luck Street Trust,,,2024-03-26T00:00:00.000Z,standard_pdf,INV-0653,1043.63,Align.Build Pty Ltd,2024-04-02T00:00:00.000Z,https://rudraprojects-my.sharepoint.com/personal/satyagala_rudraprojects_onmicrosoft_com/Documents/Invoice_Attachments/2025-09-06/Invoice%20INV-0653.pdf,,Processed,2024-03-26T00:00:00.000Z
AAMkADQyZmU2Mjk0LTU2YjktNDdhMS05YzE3LWJlNjNkZGQ0MWVhZgBGAAAAAAAckzNzsX2FRYp2SXd_PzQPBwAAVfusFxFLSIhkFoo9H3MfAAAAAAEMAAAAVfusFxFLSIhkFoo9H3MfAAAB_BPKAAA=,Bill INV-0647 from Align.Build Pty Ltd is due soon,invoicereminders@post.xero.com,invoicereminders@post.xero.com,2024-03-26T00:00:00.000Z,xero_with_pdf,INV-0647,412.5,Align.Build Pty Ltd,2024-04-02T00:00:00.000Z,https://rudraprojects-my.sharepoint.com/personal/satyagala_rudraprojects_onmicrosoft_com/Documents/Invoice_Attachments/2025-09-06/Invoice%20INV-0647.pdf,https://go.xero.com/invoice/INV-0647,Processed,2024-03-26T00:00:00.000Z
AAMkADQyZmU2Mjk0LTU2YjktNDdhMS05YzE3LWJlNjNkZGQ0MWVhZgBGAAAAAAAckzNzsX2FRYp2SXd_PzQPBwAAVfusFxFLSIhkFoo9H3MfAAAAAAEMAAAAVfusFxFLSIhkFoo9H3MfAAAB_BPLAAA=,Bill INV-0653 from Align.Build Pty Ltd is due soon,invoicereminders@post.xero.com,invoicereminders@post.xero.com,2024-03-26T00:00:00.000Z,xero_with_pdf,INV-0653,1043.63,Align.Build Pty Ltd,2024-04-02T00:00:00.000Z,https://rudraprojects-my.sharepoint.com/personal/satyagala_rudraprojects_onmicrosoft_com/Documents/Invoice_Attachments/2025-09-06/Invoice%20INV-0653.pdf,https://go.xero.com/invoice/INV-0653,Processed,2024-03-26T00:00:00.000Z
AAMkADQyZmU2Mjk0LTU2YjktNDdhMS05YzE3LWJlNjNkZGQ0MWVhZgBGAAAAAAAckzNzsX2FRYp2SXd_PzQPBwAAVfusFxFLSIhkFoo9H3MfAAAAAAEMAAAAVfusFxFLSIhkFoo9H3MfAAAB_BO_AAA=,Bill INV-0647 from Align.Build Pty Ltd is due,invoicereminders@post.xero.com,invoicereminders@post.xero.com,2024-03-26T00:00:00.000Z,xero_with_pdf,INV-0647,412.5,Align.Build Pty Ltd,2024-04-02T00:00:00.000Z,https://rudraprojects-my.sharepoint.com/personal/satyagala_rudraprojects_onmicrosoft_com/Documents/Invoice_Attachments/2025-09-06/Invoice%20INV-0647.pdf,https://go.xero.com/invoice/INV-0647,Processed,2024-03-26T00:00:00.000Z
AAMkADQyZmU2Mjk0LTU2YjktNDdhMS05YzE3LWJlNjNkZGQ0MWVhZgBGAAAAAAAckzNzsX2FRYp2SXd_PzQPBwAAVfusFxFLSIhkFoo9H3MfAAAAAAEMAAAAVfusFxFLSIhkFoo9H3MfAAAB_BO-AAA=,Bill INV-0653 from Align.Build Pty Ltd is due,invoicereminders@post.xero.com,invoicereminders@post.xero.com,2024-03-26T00:00:00.000Z,xero_with_pdf,INV-0653,1043.63,Align.Build Pty Ltd,2024-04-02T00:00:00.000Z,https://rudraprojects-my.sharepoint.com/personal/satyagala_rudraprojects_onmicrosoft_com/Documents/Invoice_Attachments/2025-09-06/Invoice%20INV-0653.pdf,https://go.xero.com/invoice/INV-0653,Processed,2024-03-26T00:00:00.000Z
AAMkADQyZmU2Mjk0LTU2YjktNDdhMS05YzE3LWJlNjNkZGQ0MWVhZgBGAAAAAAAckzNzsX2FRYp2SXd_PzQPBwAAVfusFxFLSIhkFoo9H3MfAAAAAAEMAAAAVfusFxFLSIhkFoo9H3MfAAAB_BNpAAA=,Bill INV-0647 from Align.Build Pty Ltd is due,invoicereminders@post.xero.com,invoicereminders@post.xero.com,2024-03-26T00:00:00.000Z,xero_with_pdf,INV-0647,412.5,Align.Build Pty Ltd,2024-04-02T00:00:00.000Z,https://rudraprojects-my.sharepoint.com/personal/satyagala_rudraprojects_onmicrosoft_com/Documents/Invoice_Attachments/2025-09-06/Invoice%20INV-0647.pdf,https://go.xero.com/invoice/INV-0647,Processed,2024-03-26T00:00:00.000Z
AAMkADQyZmU2Mjk0LTU2YjktNDdhMS05YzE3LWJlNjNkZGQ0MWVhZgBGAAAAAAAckzNzsX2FRYp2SXd_PzQPBwAAVfusFxFLSIhkFoo9H3MfAAAAAAEMAAAAVfusFxFLSIhkFoo9H3MfAAAB_BNqAAA=,Bill INV-0653 from Align.Build Pty Ltd is due,invoicereminders@post.xero.com,invoicereminders@post.xero.com,2024-03-26T00:00:00.000Z,xero_with_pdf,INV-0653,1043.63,Align.Build Pty Ltd,2024-04-02T00:00:00.000Z,https://rudraprojects-my.sharepoint.com/personal/satyagala_rudraprojects_onmicrosoft_com/Documents/Invoice_Attachments/2025-09-06/Invoice%20INV-0653.pdf,https://go.xero.com/invoice/INV-0653,Processed,2024-03-26T00:00:00.000Z
AAMkADQyZmU2Mjk0LTU2YjktNDdhMS05YzE3LWJlNjNkZGQ0MWVhZgBGAAAAAAAckzNzsX2FRYp2SXd_PzQPBwAAVfusFxFLSIhkFoo9H3MfAAAAAAEMAAAAVfusFxFLSIhkFoo9H3MfAAAB_BMgAAA=,Bill INV-0647 from Align.Build Pty Ltd is due,invoicereminders@post.xero.com,invoicereminders@post.xero.com,2024-03-26T00:00:00.000Z,xero_with_pdf,INV-0647,412.5,Align.Build Pty Ltd,2024-04-02T00:00:00.000Z,https://rudraprojects-my.sharepoint.com/personal/satyagala_rudraprojects_onmicrosoft_com/Documents/Invoice_Attachments/2025-09-06/Invoice%20INV-0647.pdf,https://go.xero.com/invoice/INV-0647,Processed,2024-03-26T00:00:00.000Z
AAMkADQyZmU2Mjk0LTU2YjktNDdhMS05YzE3LWJlNjNkZGQ0MWVhZgBGAAAAAAAckzNzsX2FRYp2SXd_PzQPBwAAVfusFxFLSIhkFoo9H3MfAAAAAAEMAAAAVfusFxFLSIhkFoo9H3MfAAAB_BMhAAA=,Bill INV-0653 from Align.Build Pty Ltd is due,invoicereminders@post.xero.com,invoicereminders@post.xero.com,2024-03-26T00:00:00.000Z,xero_with_pdf,INV-0653,1043.63,Align.Build Pty Ltd,2024-04-02T00:00:00.000Z,https://rudraprojects-my.sharepoint.com/personal/satyagala_rudraprojects_onmicrosoft_com/Documents/Invoice_Attachments/2025-09-06/Invoice%20INV-0653.pdf,https://go.xero.com/invoice/INV-0653,Processed,2024-03-26T00:00:00.000Z
AAMkADQyZmU2Mjk0LTU2YjktNDdhMS05YzE3LWJlNjNkZGQ0MWVhZgBGAAAAAAAckzNzsX2FRYp2SXd_PzQPBwAAVfusFxFLSIhkFoo9H3MfAAAAAAEMAAAAVfusFxFLSIhkFoo9H3MfAAAB_BReAAA=,Bill INV-0630 from Align.Build Pty Ltd is due soon,invoicereminders@post.xero.com,invoicereminders@post.xero.com,2024-03-14T00:00:00.000Z,xero_with_pdf,INV-0630,1546.88,Align.Build Pty Ltd,2024-03-21T00:00:00.000Z,https://rudraprojects-my.sharepoint.com/personal/satyagala_rudraprojects_onmicrosoft_com/Documents/Invoice_Attachments/2025-09-06/Invoice%20INV-0630.pdf,https://go.xero.com/invoice/INV-0630,Processed,2024-03-14T00:00:00.000Z
AAMkADQyZmU2Mjk0LTU2YjktNDdhMS05YzE3LWJlNjNkZGQ0MWVhZgBGAAAAAAAckzNzsX2FRYp2SXd_PzQPBwAAVfusFxFLSIhkFoo9H3MfAAAAAAEMAAAAVfusFxFLSIhkFoo9H3MfAAAB_BQ2AAA=,Bill INV-0630 from Align.Build Pty Ltd is due,invoicereminders@post.xero.com,invoicereminders@post.xero.com,2024-03-14T00:00:00.000Z,xero_with_pdf,INV-0630,1546.88,Align.Build Pty Ltd,2024-03-21T00:00:00.000Z,https://rudraprojects-my.sharepoint.com/personal/satyagala_rudraprojects_onmicrosoft_com/Documents/Invoice_Attachments/2025-09-06/Invoice%20INV-0630.pdf,https://go.xero.com/invoice/INV-0630,Processed,2024-03-14T00:00:00.000Z
AAMkADQyZmU2Mjk0LTU2YjktNDdhMS05YzE3LWJlNjNkZGQ0MWVhZgBGAAAAAAAckzNzsX2FRYp2SXd_PzQPBwAAVfusFxFLSIhkFoo9H3MfAAAAAAEMAAAAVfusFxFLSIhkFoo9H3MfAAAB_BPlAAA=,Bill INV-0630 from Align.Build Pty Ltd is due,invoicereminders@post.xero.com,invoicereminders@post.xero.com,2024-03-14T00:00:00.000Z,xero_with_pdf,INV-0630,1546.88,Align.Build Pty Ltd,2024-03-21T00:00:00.000Z,https://rudraprojects-my.sharepoint.com/personal/satyagala_rudraprojects_onmicrosoft_com/Documents/Invoice_Attachments/2025-09-06/Invoice%20INV-0630.pdf,https://go.xero.com/invoice/INV-0630,Processed,2024-03-14T00:00:00.000Z
AAMkADQyZmU2Mjk0LTU2YjktNDdhMS05YzE3LWJlNjNkZGQ0MWVhZgBGAAAAAAAckzNzsX2FRYp2SXd_PzQPBwAAVfusFxFLSIhkFoo9H3MfAAAAAAEMAAAAVfusFxFLSIhkFoo9H3MfAAAB_BOhAAA=,Bill INV-0630 from Align.Build Pty Ltd is due,invoicereminders@post.xero.com,invoicereminders@post.xero.com,2024-03-14T00:00:00.000Z,xero_with_pdf,INV-0630,1546.88,Align.Build Pty Ltd,2024-03-21T00:00:00.000Z,https://rudraprojects-my.sharepoint.com/personal/satyagala_rudraprojects_onmicrosoft_com/Documents/Invoice_Attachments/2025-09-06/Invoice%20INV-0630.pdf,https://go.xero.com/invoice/INV-0630,Processed,2024-03-14T00:00:00.000Z
AAMkADQyZmU2Mjk0LTU2YjktNDdhMS05YzE3LWJlNjNkZGQ0MWVhZgBGAAAAAAAckzNzsX2FRYp2SXd_PzQPBwAAVfusFxFLSIhkFoo9H3MfAAAAAAEMAAAAVfusFxFLSIhkFoo9H3MfAAAB_BNVAAA=,Bill INV-0630 from Align.Build Pty Ltd is due,invoicereminders@post.xero.com,invoicereminders@post.xero.com,2024-03-14T00:00:00.000Z,xero_with_pdf,INV-0630,1546.88,Align.Build Pty Ltd,2024-03-21T00:00:00.000Z,https://rudraprojects-my.sharepoint.com/personal/satyagala_rudraprojects_onmicrosoft_com/Documents/Invoice_Attachments/2025-09-06/Invoice%20INV-0630.pdf,https://go.xero.com/invoice/INV-0630,Processed,2024-03-14T00:00:00.000Z
AAMkADQyZmU2Mjk0LTU2YjktNDdhMS05YzE3LWJlNjNkZGQ0MWVhZgBGAAAAAAAckzNzsX2FRYp2SXd_PzQPBwAAVfusFxFLSIhkFoo9H3MfAAAAAAEMAAAAVfusFxFLSIhkFoo9H3MfAAAB_BMlAAA=,FINAL NOTICE Invoice 4671 from Survey Plus (Tas)  Pty Ltd for Luck Street Trust,,,2024-02-29T00:00:00.000Z,standard_pdf,4671,2112.0,Survey Plus (Tas) Pty Ltd,2024-03-14T00:00:00.000Z,https://rudraprojects-my.sharepoint.com/personal/satyagala_rudraprojects_onmicrosoft_com/Documents/Invoice_Attachments/2025-09-06/Invoice%204671.pdf,,Processed,2024-02-29T00:00:00.000Z
AAMkADQyZmU2Mjk0LTU2YjktNDdhMS05YzE3LWJlNjNkZGQ0MWVhZgBGAAAAAAAckzNzsX2FRYp2SXd_PzQPBwAAVfusFxFLSIhkFoo9H3MfAAAAAAEMAAAAVfusFxFLSIhkFoo9H3MfAAAB_BUqAAA=,Bill INV-0615 from Align.Build Pty Ltd is due soon,invoicereminders@post.xero.com,invoicereminders@post.xero.com,2024-02-27T00:00:00.000Z,xero_with_pdf,INV-0615,742.5,Align.Build Pty Ltd,2024-03-05T00:00:00.000Z,https://rudraprojects-my.sharepoint.com/personal/satyagala_rudraprojects_onmicrosoft_com/Documents/Invoice_Attachments/2025-09-06/Invoice%20INV-0615.pdf,https://go.xero.com/invoice/INV-0615,Processed,2024-02-27T00:00:00.000Z
AAMkADQyZmU2Mjk0LTU2YjktNDdhMS05YzE3LWJlNjNkZGQ0MWVhZgBGAAAAAAAckzNzsX2FRYp2SXd_PzQPBwAAVfusFxFLSIhkFoo9H3MfAAAAAAEMAAAAVfusFxFLSIhkFoo9H3MfAAAB_BUrAAA=,Bill INV-0610 from Align.Build Pty Ltd is due soon,invoicereminders@post.xero.com,invoicereminders@post.xero.com,2024-02-27T00:00:00.000Z,xero_with_pdf,INV-0610,998.25,Align.Build Pty Ltd,2024-03-05T00:00:00.000Z,https://rudraprojects-my.sharepoint.com/personal/satyagala_rudraprojects_onmicrosoft_com/Documents/Invoice_Attachments/2025-09-06/Invoice%20INV-0610.pdf,https://go.xero.com/invoice/INV-0610,Processed,2024-02-27T00:00:00.000Z
AAMkADQyZmU2Mjk0LTU2YjktNDdhMS05YzE3LWJlNjNkZGQ0MWVhZgBGAAAAAAAckzNzsX2FRYp2SXd_PzQPBwAAVfusFxFLSIhkFoo9H3MfAAAAAAEMAAAAVfusFxFLSIhkFoo9H3MfAAAB_BUFAAA=,Bill INV-0615 from Align.Build Pty Ltd is due,invoicereminders@post.xero.com,invoicereminders@post.xero.com,2024-02-27T00:00:00.000Z,xero_with_pdf,INV-0615,742.5,Align.Build Pty Ltd,2024-03-05T00:00:00.000Z,https://rudraprojects-my.sharepoint.com/personal/satyagala_rudraprojects_onmicrosoft_com/Documents/Invoice_Attachments/2025-09-06/Invoice%20INV-0615.pdf,https://go.xero.com/invoice/INV-0615,Processed,2024-02-27T00:00:00.000Z
AAMkADQyZmU2Mjk0LTU2YjktNDdhMS05YzE3LWJlNjNkZGQ0MWVhZgBGAAAAAAAckzNzsX2FRYp2SXd_PzQPBwAAVfusFxFLSIhkFoo9H3MfAAAAAAEMAAAAVfusFxFLSIhkFoo9H3MfAAAB_BUGAAA=,Bill INV-0610 from Align.Build Pty Ltd is due,invoicereminders@post.xero.com,invoicereminders@post.xero.com,2024-02-27T00:00:00.000Z,xero_with_pdf,INV-0610,998.25,Align.Build Pty Ltd,2024-03-05T00:00:00.000Z,https://rudraprojects-my.sharepoint.com/personal/satyagala_rudraprojects_onmicrosoft_com/Documents/Invoice_Attachments/2025-09-06/Invoice%20INV-0610.pdf,https://go.xero.com/invoice/INV-0610,Processed,2024-02-27T00:00:00.000Z
AAMkADQyZmU2Mjk0LTU2YjktNDdhMS05YzE3LWJlNjNkZGQ0MWVhZgBGAAAAAAAckzNzsX2FRYp2SXd_PzQPBwAAVfusFxFLSIhkFoo9H3MfAAAAAAEMAAAAVfusFxFLSIhkFoo9H3MfAAAB_C5PAAA=,Bill INV-0591 from Align.Build Pty Ltd is due soon,invoicereminders@post.xero.com,invoicereminders@post.xero.com,2024-02-15T00:00:00.000Z,xero_with_pdf,INV-0591,247.5,Align.Build Pty Ltd,2024-02-22T00:00:00.000Z,https://rudraprojects-my.sharepoint.com/personal/satyagala_rudraprojects_onmicrosoft_com/Documents/Invoice_Attachments/2025-09-06/Invoice%20INV-0591.pdf,https://go.xero.com/invoice/INV-0591,Processed,2024-02-15T00:00:00.000Z
AAMkADQyZmU2Mjk0LTU2YjktNDdhMS05YzE3LWJlNjNkZGQ0MWVhZgBGAAAAAAAckzNzsX2FRYp2SXd_PzQPBwAAVfusFxFLSIhkFoo9H3MfAAAAAAEMAAAAVfusFxFLSIhkFoo9H3MfAAAB_C4_AAA=,Bill INV-0591 from Align.Build Pty Ltd is due,invoicereminders@post.xero.com,invoicereminders@post.xero.com,2024-02-15T00:00:00.000Z,xero_with_pdf,INV-0591,247.5,Align.Build Pty Ltd,2024-02-22T00:00:00.000Z,https://rudraprojects-my.sharepoint.com/personal/satyagala_rudraprojects_onmicrosoft_com/Documents/Invoice_Attachments/2025-09-06/Invoice%20INV-0591.pdf,https://go.xero.com/invoice/INV-0591,Processed,2024-02-15T00:00:00.000Z
AAMkADQyZmU2Mjk0LTU2YjktNDdhMS05YzE3LWJlNjNkZGQ0MWVhZgBGAAAAAAAckzNzsX2FRYp2SXd_PzQPBwAAVfusFxFLSIhkFoo9H3MfAAAAAAEMAAAAVfusFxFLSIhkFoo9H3MfAAAB_BTpAAA=,Bill INV-0591 from Align.Build Pty Ltd is due,invoicereminders@post.xero.com,invoicereminders@post.xero.com,2024-02-15T00:00:00.000Z,xero_with_pdf,INV-0591,247.5,Align.Build Pty Ltd,2024-02-22T00:00:00.000Z,https://rudraprojects-my.sharepoint.com/personal/satyagala_rudraprojects_onmicrosoft_com/Documents/Invoice_Attachments/2025-09-06/Invoice%20INV-0591.pdf,https://go.xero.com/invoice/INV-0591,Processed,2024-02-15T00:00:00.000Z
AAMkADQyZmU2Mjk0LTU2YjktNDdhMS05YzE3LWJlNjNkZGQ0MWVhZgBGAAAAAAAckzNzsX2FRYp2SXd_PzQPBwAAVfusFxFLSIhkFoo9H3MfAAAAAAEMAAAAVfusFxFLSIhkFoo9H3MfAAAB_BSNAAA=,Bill INV-0591 from Align.Build Pty Ltd is due,invoicereminders@post.xero.com,invoicereminders@post.xero.com,2024-02-15T00:00:00.000Z,xero_with_pdf,INV-0591,247.5,Align.Build Pty Ltd,2024-02-22T00:00:00.000Z,https://rudraprojects-my.sharepoint.com/personal/satyagala_rudraprojects_onmicrosoft_com/Documents/Invoice_Attachments/2025-09-06/Invoice%20INV-0591.pdf,https://go.xero.com/invoice/INV-0591,Processed,2024-02-15T00:00:00.000Z
AAMkADQyZmU2Mjk0LTU2YjktNDdhMS05YzE3LWJlNjNkZGQ0MWVhZgBGAAAAAAAckzNzsX2FRYp2SXd_PzQPBwAAVfusFxFLSIhkFoo9H3MfAAAAAAEMAAAAVfusFxFLSIhkFoo9H3MfAAAB_EI4AAA=,Invoice INV-9937 from Blue Sky Beverages Pty Ltd for Rudra Projects & Development,,,2023-11-13T00:00:00.000Z,standard_pdf,INV-9937,814.0,BLUE SKY BEVERAGES PTY LTD,2023-11-17T00:00:00.000Z,https://rudraprojects-my.sharepoint.com/personal/satyagala_rudraprojects_onmicrosoft_com/Documents/Invoice_Attachments/2025-09-06/Invoice%20INV-9937.pdf,,Processed,2023-11-13T00:00:00.000Z
AAMkADQyZmU2Mjk0LTU2YjktNDdhMS05YzE3LWJlNjNkZGQ0MWVhZgBGAAAAAAAckzNzsX2FRYp2SXd_PzQPBwAAVfusFxFLSIhkFoo9H3MfAAAAAAEMAAAAVfusFxFLSIhkFoo9H3MfAAAB_EUZAAA=,Invoice INV-9810 from Blue Sky Beverages Pty Ltd for Rudra Projects & Development,,,2023-08-29T00:00:00.000Z,standard_pdf,INV-9810,1766.38,BLUE SKY BEVERAGES PTY LTD,2023-09-05T00:00:00.000Z,https://rudraprojects-my.sharepoint.com/personal/satyagala_rudraprojects_onmicrosoft_com/Documents/Invoice_Attachments/2025-09-06/Invoice%20INV-9810.pdf,,Processed,2023-08-29T00:00:00.000Z
AAMkADQyZmU2Mjk0LTU2YjktNDdhMS05YzE3LWJlNjNkZGQ0MWVhZgBGAAAAAAAckzNzsX2FRYp2SXd_PzQPBwAAVfusFxFLSIhkFoo9H3MfAAAAAAEMAAAAVfusFxFLSIhkFoo9H3MfAAAB_FbuAAA=,Invoice INV-9755 from Blue Sky Beverages Pty Ltd for Rudra Projects & Development,,,2023-07-24T00:00:00.000Z,standard_pdf,INV-9755,950.38,Rudra Projects & Development,2023-08-01T00:00:00.000Z,https://rudraprojects-my.sharepoint.com/personal/satyagala_rudraprojects_onmicrosoft_com/Documents/Invoice_Attachments/2025-09-06/Invoice%20INV-9755.pdf,,Processed,2023-07-24T00:00:00.000Z
AAMkADQyZmU2Mjk0LTU2YjktNDdhMS05YzE3LWJlNjNkZGQ0MWVhZgBGAAAAAAAckzNzsX2FRYp2SXd_PzQPBwAAVfusFxFLSIhkFoo9H3MfAAAAAAEMAAAAVfusFxFLSIhkFoo9H3MfAAAB_GtNAAA=,Invoice INV-0349 from Align.Build Pty Ltd for Rudra projects,,,2023-04-26T00:00:00.000Z,standard_pdf,INV-0349,412.5,Align.Build Pty Ltd,2023-05-03T00:00:00.000Z,https://rudraprojects-my.sharepoint.com/personal/satyagala_rudraprojects_onmicrosoft_com/Documents/Invoice_Attachments/2025-09-06/Invoice%20INV-0349.pdf,,Processed,2023-04-26T00:00:00.000Z
